CYC=0 0000: debugger-start
CYC=2 0073: mov   a,ip0
CYC=3 0075: mov   c,acc.6
CYC=4 0077: mov   f0,c
CYC=6 0079: setb  swdt
CYC=7 007B: ljmp  $20E0
CYC=9 20E0: ljmp  $5C00
CYC=11 5C00: setb  swdt
CYC=12 5C02: setb  clk
CYC=13 5C04: mov   dph,#$A0
CYC=15 5C07: mov   dpl,#$81
CYC=17 5C0A: mov   a,#$01
CYC=18 5C0C: movx  @dptr,a
[:maincpu] ':maincpu' (5C0D): unmapped xdata memory write to A081 = 01 & FF
CYC=20 5C0D: mov   dpl,#$10
CYC=22 5C10: mov   a,#$81
CYC=23 5C12: movx  @dptr,a
[:maincpu] ':maincpu' (5C13): unmapped xdata memory write to A010 = 81 & FF
CYC=25 5C13: inc   dptr
CYC=27 5C14: mov   a,#$81
CYC=28 5C16: movx  @dptr,a
[:maincpu] ':maincpu' (5C17): unmapped xdata memory write to A011 = 81 & FF
CYC=30 5C17: mov   dpl,#$40
CYC=32 5C1A: mov   a,#$FF
CYC=33 5C1C: movx  @dptr,a
CYC=35 5C1D: inc   dptr
CYC=37 5C1E: mov   a,#$FF
CYC=38 5C20: movx  @dptr,a
CYC=40 5C21: mov   dpl,#$02
CYC=42 5C24: mov   a,#$00
CYC=43 5C26: movx  @dptr,a
[:maincpu] ':maincpu' (5C27): unmapped xdata memory write to A002 = 00 & FF
CYC=45 5C27: inc   dptr
CYC=47 5C28: mov   a,#$00
CYC=48 5C2A: movx  @dptr,a
[:maincpu] ':maincpu' (5C2B): unmapped xdata memory write to A003 = 00 & FF
CYC=50 5C2B: inc   dptr
CYC=52 5C2C: mov   a,#$00
CYC=53 5C2E: movx  @dptr,a
[:maincpu] ':maincpu' (5C2F): unmapped xdata memory write to A004 = 00 & FF
CYC=55 5C2F: inc   dptr
CYC=57 5C30: mov   a,#$00
CYC=58 5C32: movx  @dptr,a
[:maincpu] ':maincpu' (5C33): unmapped xdata memory write to A005 = 00 & FF
CYC=60 5C33: mov   dpl,#$08
CYC=62 5C36: mov   a,#$00
CYC=63 5C38: movx  @dptr,a
[:maincpu] ':maincpu' (5C39): unmapped xdata memory write to A008 = 00 & FF
CYC=65 5C39: inc   dptr
CYC=67 5C3A: mov   a,#$00
CYC=68 5C3C: movx  @dptr,a
[:maincpu] ':maincpu' (5C3D): unmapped xdata memory write to A009 = 00 & FF
CYC=70 5C3D: mov   dpl,#$21
CYC=72 5C40: mov   a,#$D7
CYC=73 5C42: movx  @dptr,a
[:maincpu] ':maincpu' (5C43): unmapped xdata memory write to A021 = D7 & FF
CYC=75 5C43: mov   dpl,#$20
CYC=77 5C46: mov   a,#$FF
CYC=78 5C48: movx  @dptr,a
[:maincpu] ':maincpu' (5C49): unmapped xdata memory write to A020 = FF & FF
CYC=80 5C49: mov   dptr,#$0162
CYC=82 5C4C: mov   a,#$D7
CYC=83 5C4E: movx  @dptr,a
[:maincpu] ':maincpu' (5C4F): unmapped xdata memory write to 0162 = D7 & FF
CYC=85 5C4F: mov   p2,#$00
[:maincpu] write of un-hooked port 2 00
CYC=87 5C52: mov   r0,#$00
CYC=88 5C54: movx  a,@r0
[:maincpu] ':maincpu' (5C55): unmapped xdata memory read from 0000 & FF
CYC=90 5C55: cjne  a,#$55,$5C72
CYC=92 5C72: mov   p2,#$01
[:maincpu] write of un-hooked port 2 01
CYC=94 5C75: mov   r0,#$5B
CYC=95 5C77: clr   a
CYC=96 5C78: movx  @r0,a
[:maincpu] ':maincpu' (5C79): unmapped xdata memory write to 015B = 00 & FF
CYC=98 5C79: mov   p2,#$00
[:maincpu] write of un-hooked port 2 00
CYC=100 5C7C: mov   p2,#$01
[:maincpu] write of un-hooked port 2 01
CYC=102 5C7F: mov   r0,#$5B
CYC=103 5C81: movx  a,@r0
[:maincpu] ':maincpu' (5C82): unmapped xdata memory read from 015B & FF
CYC=105 5C82: jnz   $5C92
CYC=107 5C84: mov   p2,#$02
[:maincpu] write of un-hooked port 2 02
CYC=109 5C87: mov   r0,#$0B
CYC=110 5C89: clr   a
CYC=111 5C8A: movx  @r0,a
[:maincpu] ':maincpu' (5C8B): unmapped xdata memory write to 020B = 00 & FF
CYC=113 5C8B: mov   r0,#$0C
CYC=114 5C8D: mov   a,#$AA
CYC=115 5C8F: movx  @r0,a
[:maincpu] ':maincpu' (5C90): unmapped xdata memory write to 020C = AA & FF
CYC=117 5C90: sjmp  $5C98
CYC=119 5C98: cjne  a,#$55,$5C9F
CYC=121 5C9F: setb  p5.2
[:maincpu] read of un-hooked port 5 (PC=5C9F)
[:maincpu] write of un-hooked port 5 ff
CYC=122 5CA1: mov   p2,#$00
[:maincpu] write of un-hooked port 2 00
CYC=124 5CA4: lcall $20E8
CYC=126 20E8: ljmp  $8F97
CYC=128 8F97: mov   p2,#$01
[:maincpu] write of un-hooked port 2 01
CYC=130 8F9A: mov   r0,#$5B
CYC=131 8F9C: movx  a,@r0
[:maincpu] ':maincpu' (8F9D): unmapped xdata memory read from 015B & FF
CYC=133 8F9D: jnz   $8FD2
CYC=135 8F9F: mov   p2,#$00
[:maincpu] write of un-hooked port 2 00
CYC=137 8FA2: mov   r0,#$F2
CYC=138 8FA4: clr   a
CYC=139 8FA5: dec   r0
CYC=140 8FA6: movx  @r0,a
[:maincpu] ':maincpu' (8FA7): unmapped xdata memory write to 00F1 = 00 & FF
CYC=142 8FA7: cjne  r0,#$80,$8FA5
CYC=144 8FA5: dec   r0
CYC=145 8FA6: movx  @r0,a
[:maincpu] ':maincpu' (8FA7): unmapped xdata memory write to 00F0 = 00 & FF
CYC=147 8FA7: cjne  r0,#$80,$8FA5
CYC=149 8FA5: dec   r0
CYC=150 8FA6: movx  @r0,a
[:maincpu] ':maincpu' (8FA7): unmapped xdata memory write to 00EF = 00 & FF
CYC=152 8FA7: cjne  r0,#$80,$8FA5
CYC=154 8FA5: dec   r0
CYC=155 8FA6: movx  @r0,a
[:maincpu] ':maincpu' (8FA7): unmapped xdata memory write to 00EE = 00 & FF
CYC=157 8FA7: cjne  r0,#$80,$8FA5
CYC=159 8FA5: dec   r0
CYC=160 8FA6: movx  @r0,a
[:maincpu] ':maincpu' (8FA7): unmapped xdata memory write to 00ED = 00 & FF
CYC=162 8FA7: cjne  r0,#$80,$8FA5
CYC=164 8FA5: dec   r0
CYC=165 8FA6: movx  @r0,a
[:maincpu] ':maincpu' (8FA7): unmapped xdata memory write to 00EC = 00 & FF
CYC=167 8FA7: cjne  r0,#$80,$8FA5
CYC=169 8FA5: dec   r0
CYC=170 8FA6: movx  @r0,a
[:maincpu] ':maincpu' (8FA7): unmapped xdata memory write to 00EB = 00 & FF
CYC=172 8FA7: cjne  r0,#$80,$8FA5
CYC=174 8FA5: dec   r0
CYC=175 8FA6: movx  @r0,a
[:maincpu] ':maincpu' (8FA7): unmapped xdata memory write to 00EA = 00 & FF
CYC=177 8FA7: cjne  r0,#$80,$8FA5
CYC=179 8FA5: dec   r0
CYC=180 8FA6: movx  @r0,a
[:maincpu] ':maincpu' (8FA7): unmapped xdata memory write to 00E9 = 00 & FF
CYC=182 8FA7: cjne  r0,#$80,$8FA5
CYC=184 8FA5: dec   r0
CYC=185 8FA6: movx  @r0,a
[:maincpu] ':maincpu' (8FA7): unmapped xdata memory write to 00E8 = 00 & FF
CYC=187 8FA7: cjne  r0,#$80,$8FA5
CYC=189 8FA5: dec   r0
CYC=190 8FA6: movx  @r0,a
[:maincpu] ':maincpu' (8FA7): unmapped xdata memory write to 00E7 = 00 & FF
CYC=192 8FA7: cjne  r0,#$80,$8FA5
CYC=194 8FA5: dec   r0
CYC=195 8FA6: movx  @r0,a
[:maincpu] ':maincpu' (8FA7): unmapped xdata memory write to 00E6 = 00 & FF
CYC=197 8FA7: cjne  r0,#$80,$8FA5
CYC=199 8FA5: dec   r0
CYC=200 8FA6: movx  @r0,a
[:maincpu] ':maincpu' (8FA7): unmapped xdata memory write to 00E5 = 00 & FF
CYC=202 8FA7: cjne  r0,#$80,$8FA5
CYC=204 8FA5: dec   r0
CYC=205 8FA6: movx  @r0,a
[:maincpu] ':maincpu' (8FA7): unmapped xdata memory write to 00E4 = 00 & FF
CYC=207 8FA7: cjne  r0,#$80,$8FA5
CYC=209 8FA5: dec   r0
CYC=210 8FA6: movx  @r0,a
[:maincpu] ':maincpu' (8FA7): unmapped xdata memory write to 00E3 = 00 & FF
CYC=212 8FA7: cjne  r0,#$80,$8FA5
CYC=214 8FA5: dec   r0
CYC=215 8FA6: movx  @r0,a
[:maincpu] ':maincpu' (8FA7): unmapped xdata memory write to 00E2 = 00 & FF
CYC=217 8FA7: cjne  r0,#$80,$8FA5
CYC=219 8FA5: dec   r0
CYC=220 8FA6: movx  @r0,a
[:maincpu] ':maincpu' (8FA7): unmapped xdata memory write to 00E1 = 00 & FF
CYC=222 8FA7: cjne  r0,#$80,$8FA5
CYC=224 8FA5: dec   r0
CYC=225 8FA6: movx  @r0,a
[:maincpu] ':maincpu' (8FA7): unmapped xdata memory write to 00E0 = 00 & FF
CYC=227 8FA7: cjne  r0,#$80,$8FA5
CYC=229 8FA5: dec   r0
CYC=230 8FA6: movx  @r0,a
[:maincpu] ':maincpu' (8FA7): unmapped xdata memory write to 00DF = 00 & FF
CYC=232 8FA7: cjne  r0,#$80,$8FA5
CYC=234 8FA5: dec   r0
CYC=235 8FA6: movx  @r0,a
[:maincpu] ':maincpu' (8FA7): unmapped xdata memory write to 00DE = 00 & FF
CYC=237 8FA7: cjne  r0,#$80,$8FA5
CYC=239 8FA5: dec   r0
CYC=240 8FA6: movx  @r0,a
[:maincpu] ':maincpu' (8FA7): unmapped xdata memory write to 00DD = 00 & FF
CYC=242 8FA7: cjne  r0,#$80,$8FA5
CYC=244 8FA5: dec   r0
CYC=245 8FA6: movx  @r0,a
[:maincpu] ':maincpu' (8FA7): unmapped xdata memory write to 00DC = 00 & FF
CYC=247 8FA7: cjne  r0,#$80,$8FA5
CYC=249 8FA5: dec   r0
CYC=250 8FA6: movx  @r0,a
[:maincpu] ':maincpu' (8FA7): unmapped xdata memory write to 00DB = 00 & FF
CYC=252 8FA7: cjne  r0,#$80,$8FA5
CYC=254 8FA5: dec   r0
CYC=255 8FA6: movx  @r0,a
[:maincpu] ':maincpu' (8FA7): unmapped xdata memory write to 00DA = 00 & FF
CYC=257 8FA7: cjne  r0,#$80,$8FA5
CYC=259 8FA5: dec   r0
CYC=260 8FA6: movx  @r0,a
[:maincpu] ':maincpu' (8FA7): unmapped xdata memory write to 00D9 = 00 & FF
CYC=262 8FA7: cjne  r0,#$80,$8FA5
CYC=264 8FA5: dec   r0
CYC=265 8FA6: movx  @r0,a
[:maincpu] ':maincpu' (8FA7): unmapped xdata memory write to 00D8 = 00 & FF
CYC=267 8FA7: cjne  r0,#$80,$8FA5
CYC=269 8FA5: dec   r0
CYC=270 8FA6: movx  @r0,a
[:maincpu] ':maincpu' (8FA7): unmapped xdata memory write to 00D7 = 00 & FF
CYC=272 8FA7: cjne  r0,#$80,$8FA5
CYC=274 8FA5: dec   r0
CYC=275 8FA6: movx  @r0,a
[:maincpu] ':maincpu' (8FA7): unmapped xdata memory write to 00D6 = 00 & FF
CYC=277 8FA7: cjne  r0,#$80,$8FA5
CYC=279 8FA5: dec   r0
CYC=280 8FA6: movx  @r0,a
[:maincpu] ':maincpu' (8FA7): unmapped xdata memory write to 00D5 = 00 & FF
CYC=282 8FA7: cjne  r0,#$80,$8FA5
CYC=284 8FA5: dec   r0
CYC=285 8FA6: movx  @r0,a
[:maincpu] ':maincpu' (8FA7): unmapped xdata memory write to 00D4 = 00 & FF
CYC=287 8FA7: cjne  r0,#$80,$8FA5
CYC=289 8FA5: dec   r0
CYC=290 8FA6: movx  @r0,a
[:maincpu] ':maincpu' (8FA7): unmapped xdata memory write to 00D3 = 00 & FF
CYC=292 8FA7: cjne  r0,#$80,$8FA5
CYC=294 8FA5: dec   r0
CYC=295 8FA6: movx  @r0,a
[:maincpu] ':maincpu' (8FA7): unmapped xdata memory write to 00D2 = 00 & FF
CYC=297 8FA7: cjne  r0,#$80,$8FA5
CYC=299 8FA5: dec   r0
CYC=300 8FA6: movx  @r0,a
[:maincpu] ':maincpu' (8FA7): unmapped xdata memory write to 00D1 = 00 & FF
CYC=302 8FA7: cjne  r0,#$80,$8FA5
CYC=304 8FA5: dec   r0
CYC=305 8FA6: movx  @r0,a
[:maincpu] ':maincpu' (8FA7): unmapped xdata memory write to 00D0 = 00 & FF
CYC=307 8FA7: cjne  r0,#$80,$8FA5
CYC=309 8FA5: dec   r0
CYC=310 8FA6: movx  @r0,a
[:maincpu] ':maincpu' (8FA7): unmapped xdata memory write to 00CF = 00 & FF
CYC=312 8FA7: cjne  r0,#$80,$8FA5
CYC=314 8FA5: dec   r0
CYC=315 8FA6: movx  @r0,a
[:maincpu] ':maincpu' (8FA7): unmapped xdata memory write to 00CE = 00 & FF
CYC=317 8FA7: cjne  r0,#$80,$8FA5
CYC=319 8FA5: dec   r0
CYC=320 8FA6: movx  @r0,a
[:maincpu] ':maincpu' (8FA7): unmapped xdata memory write to 00CD = 00 & FF
CYC=322 8FA7: cjne  r0,#$80,$8FA5
CYC=324 8FA5: dec   r0
CYC=325 8FA6: movx  @r0,a
[:maincpu] ':maincpu' (8FA7): unmapped xdata memory write to 00CC = 00 & FF
CYC=327 8FA7: cjne  r0,#$80,$8FA5
CYC=329 8FA5: dec   r0
CYC=330 8FA6: movx  @r0,a
[:maincpu] ':maincpu' (8FA7): unmapped xdata memory write to 00CB = 00 & FF
CYC=332 8FA7: cjne  r0,#$80,$8FA5
CYC=334 8FA5: dec   r0
CYC=335 8FA6: movx  @r0,a
[:maincpu] ':maincpu' (8FA7): unmapped xdata memory write to 00CA = 00 & FF
CYC=337 8FA7: cjne  r0,#$80,$8FA5
CYC=339 8FA5: dec   r0
CYC=340 8FA6: movx  @r0,a
[:maincpu] ':maincpu' (8FA7): unmapped xdata memory write to 00C9 = 00 & FF
CYC=342 8FA7: cjne  r0,#$80,$8FA5
CYC=344 8FA5: dec   r0
CYC=345 8FA6: movx  @r0,a
[:maincpu] ':maincpu' (8FA7): unmapped xdata memory write to 00C8 = 00 & FF
CYC=347 8FA7: cjne  r0,#$80,$8FA5
CYC=349 8FA5: dec   r0
CYC=350 8FA6: movx  @r0,a
[:maincpu] ':maincpu' (8FA7): unmapped xdata memory write to 00C7 = 00 & FF
CYC=352 8FA7: cjne  r0,#$80,$8FA5
CYC=354 8FA5: dec   r0
CYC=355 8FA6: movx  @r0,a
[:maincpu] ':maincpu' (8FA7): unmapped xdata memory write to 00C6 = 00 & FF
CYC=357 8FA7: cjne  r0,#$80,$8FA5
CYC=359 8FA5: dec   r0
CYC=360 8FA6: movx  @r0,a
[:maincpu] ':maincpu' (8FA7): unmapped xdata memory write to 00C5 = 00 & FF
CYC=362 8FA7: cjne  r0,#$80,$8FA5
CYC=364 8FA5: dec   r0
CYC=365 8FA6: movx  @r0,a
[:maincpu] ':maincpu' (8FA7): unmapped xdata memory write to 00C4 = 00 & FF
CYC=367 8FA7: cjne  r0,#$80,$8FA5
CYC=369 8FA5: dec   r0
CYC=370 8FA6: movx  @r0,a
[:maincpu] ':maincpu' (8FA7): unmapped xdata memory write to 00C3 = 00 & FF
CYC=372 8FA7: cjne  r0,#$80,$8FA5
CYC=374 8FA5: dec   r0
CYC=375 8FA6: movx  @r0,a
[:maincpu] ':maincpu' (8FA7): unmapped xdata memory write to 00C2 = 00 & FF
CYC=377 8FA7: cjne  r0,#$80,$8FA5
CYC=379 8FA5: dec   r0
CYC=380 8FA6: movx  @r0,a
[:maincpu] ':maincpu' (8FA7): unmapped xdata memory write to 00C1 = 00 & FF
CYC=382 8FA7: cjne  r0,#$80,$8FA5
CYC=384 8FA5: dec   r0
CYC=385 8FA6: movx  @r0,a
[:maincpu] ':maincpu' (8FA7): unmapped xdata memory write to 00C0 = 00 & FF
CYC=387 8FA7: cjne  r0,#$80,$8FA5
CYC=389 8FA5: dec   r0
CYC=390 8FA6: movx  @r0,a
[:maincpu] ':maincpu' (8FA7): unmapped xdata memory write to 00BF = 00 & FF
CYC=392 8FA7: cjne  r0,#$80,$8FA5
CYC=394 8FA5: dec   r0
CYC=395 8FA6: movx  @r0,a
[:maincpu] ':maincpu' (8FA7): unmapped xdata memory write to 00BE = 00 & FF
CYC=397 8FA7: cjne  r0,#$80,$8FA5
CYC=399 8FA5: dec   r0
CYC=400 8FA6: movx  @r0,a
[:maincpu] ':maincpu' (8FA7): unmapped xdata memory write to 00BD = 00 & FF
CYC=402 8FA7: cjne  r0,#$80,$8FA5
CYC=404 8FA5: dec   r0
CYC=405 8FA6: movx  @r0,a
[:maincpu] ':maincpu' (8FA7): unmapped xdata memory write to 00BC = 00 & FF
CYC=407 8FA7: cjne  r0,#$80,$8FA5
CYC=409 8FA5: dec   r0
CYC=410 8FA6: movx  @r0,a
[:maincpu] ':maincpu' (8FA7): unmapped xdata memory write to 00BB = 00 & FF
CYC=412 8FA7: cjne  r0,#$80,$8FA5
CYC=414 8FA5: dec   r0
CYC=415 8FA6: movx  @r0,a
[:maincpu] ':maincpu' (8FA7): unmapped xdata memory write to 00BA = 00 & FF
CYC=417 8FA7: cjne  r0,#$80,$8FA5
CYC=419 8FA5: dec   r0
CYC=420 8FA6: movx  @r0,a
[:maincpu] ':maincpu' (8FA7): unmapped xdata memory write to 00B9 = 00 & FF
CYC=422 8FA7: cjne  r0,#$80,$8FA5
CYC=424 8FA5: dec   r0
CYC=425 8FA6: movx  @r0,a
[:maincpu] ':maincpu' (8FA7): unmapped xdata memory write to 00B8 = 00 & FF
CYC=427 8FA7: cjne  r0,#$80,$8FA5
CYC=429 8FA5: dec   r0
CYC=430 8FA6: movx  @r0,a
[:maincpu] ':maincpu' (8FA7): unmapped xdata memory write to 00B7 = 00 & FF
CYC=432 8FA7: cjne  r0,#$80,$8FA5
CYC=434 8FA5: dec   r0
CYC=435 8FA6: movx  @r0,a
[:maincpu] ':maincpu' (8FA7): unmapped xdata memory write to 00B6 = 00 & FF
CYC=437 8FA7: cjne  r0,#$80,$8FA5
CYC=439 8FA5: dec   r0
CYC=440 8FA6: movx  @r0,a
[:maincpu] ':maincpu' (8FA7): unmapped xdata memory write to 00B5 = 00 & FF
CYC=442 8FA7: cjne  r0,#$80,$8FA5
CYC=444 8FA5: dec   r0
CYC=445 8FA6: movx  @r0,a
[:maincpu] ':maincpu' (8FA7): unmapped xdata memory write to 00B4 = 00 & FF
CYC=447 8FA7: cjne  r0,#$80,$8FA5
CYC=449 8FA5: dec   r0
CYC=450 8FA6: movx  @r0,a
[:maincpu] ':maincpu' (8FA7): unmapped xdata memory write to 00B3 = 00 & FF
CYC=452 8FA7: cjne  r0,#$80,$8FA5
CYC=454 8FA5: dec   r0
CYC=455 8FA6: movx  @r0,a
[:maincpu] ':maincpu' (8FA7): unmapped xdata memory write to 00B2 = 00 & FF
CYC=457 8FA7: cjne  r0,#$80,$8FA5
CYC=459 8FA5: dec   r0
CYC=460 8FA6: movx  @r0,a
[:maincpu] ':maincpu' (8FA7): unmapped xdata memory write to 00B1 = 00 & FF
CYC=462 8FA7: cjne  r0,#$80,$8FA5
CYC=464 8FA5: dec   r0
CYC=465 8FA6: movx  @r0,a
[:maincpu] ':maincpu' (8FA7): unmapped xdata memory write to 00B0 = 00 & FF
CYC=467 8FA7: cjne  r0,#$80,$8FA5
CYC=469 8FA5: dec   r0
CYC=470 8FA6: movx  @r0,a
[:maincpu] ':maincpu' (8FA7): unmapped xdata memory write to 00AF = 00 & FF
CYC=472 8FA7: cjne  r0,#$80,$8FA5
CYC=474 8FA5: dec   r0
CYC=475 8FA6: movx  @r0,a
[:maincpu] ':maincpu' (8FA7): unmapped xdata memory write to 00AE = 00 & FF
CYC=477 8FA7: cjne  r0,#$80,$8FA5
CYC=479 8FA5: dec   r0
CYC=480 8FA6: movx  @r0,a
[:maincpu] ':maincpu' (8FA7): unmapped xdata memory write to 00AD = 00 & FF
CYC=482 8FA7: cjne  r0,#$80,$8FA5
CYC=484 8FA5: dec   r0
CYC=485 8FA6: movx  @r0,a
[:maincpu] ':maincpu' (8FA7): unmapped xdata memory write to 00AC = 00 & FF
CYC=487 8FA7: cjne  r0,#$80,$8FA5
CYC=489 8FA5: dec   r0
CYC=490 8FA6: movx  @r0,a
[:maincpu] ':maincpu' (8FA7): unmapped xdata memory write to 00AB = 00 & FF
CYC=492 8FA7: cjne  r0,#$80,$8FA5
CYC=494 8FA5: dec   r0
CYC=495 8FA6: movx  @r0,a
[:maincpu] ':maincpu' (8FA7): unmapped xdata memory write to 00AA = 00 & FF
CYC=497 8FA7: cjne  r0,#$80,$8FA5
CYC=499 8FA5: dec   r0
CYC=500 8FA6: movx  @r0,a
[:maincpu] ':maincpu' (8FA7): unmapped xdata memory write to 00A9 = 00 & FF
CYC=502 8FA7: cjne  r0,#$80,$8FA5
CYC=504 8FA5: dec   r0
CYC=505 8FA6: movx  @r0,a
[:maincpu] ':maincpu' (8FA7): unmapped xdata memory write to 00A8 = 00 & FF
CYC=507 8FA7: cjne  r0,#$80,$8FA5
CYC=509 8FA5: dec   r0
CYC=510 8FA6: movx  @r0,a
[:maincpu] ':maincpu' (8FA7): unmapped xdata memory write to 00A7 = 00 & FF
CYC=512 8FA7: cjne  r0,#$80,$8FA5
CYC=514 8FA5: dec   r0
CYC=515 8FA6: movx  @r0,a
[:maincpu] ':maincpu' (8FA7): unmapped xdata memory write to 00A6 = 00 & FF
CYC=517 8FA7: cjne  r0,#$80,$8FA5
CYC=519 8FA5: dec   r0
CYC=520 8FA6: movx  @r0,a
[:maincpu] ':maincpu' (8FA7): unmapped xdata memory write to 00A5 = 00 & FF
CYC=522 8FA7: cjne  r0,#$80,$8FA5
CYC=524 8FA5: dec   r0
CYC=525 8FA6: movx  @r0,a
[:maincpu] ':maincpu' (8FA7): unmapped xdata memory write to 00A4 = 00 & FF
CYC=527 8FA7: cjne  r0,#$80,$8FA5
CYC=529 8FA5: dec   r0
CYC=530 8FA6: movx  @r0,a
[:maincpu] ':maincpu' (8FA7): unmapped xdata memory write to 00A3 = 00 & FF
CYC=532 8FA7: cjne  r0,#$80,$8FA5
CYC=534 8FA5: dec   r0
CYC=535 8FA6: movx  @r0,a
[:maincpu] ':maincpu' (8FA7): unmapped xdata memory write to 00A2 = 00 & FF
CYC=537 8FA7: cjne  r0,#$80,$8FA5
CYC=539 8FA5: dec   r0
CYC=540 8FA6: movx  @r0,a
[:maincpu] ':maincpu' (8FA7): unmapped xdata memory write to 00A1 = 00 & FF
CYC=542 8FA7: cjne  r0,#$80,$8FA5
CYC=544 8FA5: dec   r0
CYC=545 8FA6: movx  @r0,a
[:maincpu] ':maincpu' (8FA7): unmapped xdata memory write to 00A0 = 00 & FF
CYC=547 8FA7: cjne  r0,#$80,$8FA5
CYC=549 8FA5: dec   r0
CYC=550 8FA6: movx  @r0,a
[:maincpu] ':maincpu' (8FA7): unmapped xdata memory write to 009F = 00 & FF
CYC=552 8FA7: cjne  r0,#$80,$8FA5
CYC=554 8FA5: dec   r0
CYC=555 8FA6: movx  @r0,a
[:maincpu] ':maincpu' (8FA7): unmapped xdata memory write to 009E = 00 & FF
CYC=557 8FA7: cjne  r0,#$80,$8FA5
CYC=559 8FA5: dec   r0
CYC=560 8FA6: movx  @r0,a
[:maincpu] ':maincpu' (8FA7): unmapped xdata memory write to 009D = 00 & FF
CYC=562 8FA7: cjne  r0,#$80,$8FA5
CYC=564 8FA5: dec   r0
CYC=565 8FA6: movx  @r0,a
[:maincpu] ':maincpu' (8FA7): unmapped xdata memory write to 009C = 00 & FF
CYC=567 8FA7: cjne  r0,#$80,$8FA5
CYC=569 8FA5: dec   r0
CYC=570 8FA6: movx  @r0,a
[:maincpu] ':maincpu' (8FA7): unmapped xdata memory write to 009B = 00 & FF
CYC=572 8FA7: cjne  r0,#$80,$8FA5
CYC=574 8FA5: dec   r0
CYC=575 8FA6: movx  @r0,a
[:maincpu] ':maincpu' (8FA7): unmapped xdata memory write to 009A = 00 & FF
CYC=577 8FA7: cjne  r0,#$80,$8FA5
CYC=579 8FA5: dec   r0
CYC=580 8FA6: movx  @r0,a
[:maincpu] ':maincpu' (8FA7): unmapped xdata memory write to 0099 = 00 & FF
CYC=582 8FA7: cjne  r0,#$80,$8FA5
CYC=584 8FA5: dec   r0
CYC=585 8FA6: movx  @r0,a
[:maincpu] ':maincpu' (8FA7): unmapped xdata memory write to 0098 = 00 & FF
CYC=587 8FA7: cjne  r0,#$80,$8FA5
CYC=589 8FA5: dec   r0
CYC=590 8FA6: movx  @r0,a
[:maincpu] ':maincpu' (8FA7): unmapped xdata memory write to 0097 = 00 & FF
CYC=592 8FA7: cjne  r0,#$80,$8FA5
CYC=594 8FA5: dec   r0
CYC=595 8FA6: movx  @r0,a
[:maincpu] ':maincpu' (8FA7): unmapped xdata memory write to 0096 = 00 & FF
CYC=597 8FA7: cjne  r0,#$80,$8FA5
CYC=599 8FA5: dec   r0
CYC=600 8FA6: movx  @r0,a
[:maincpu] ':maincpu' (8FA7): unmapped xdata memory write to 0095 = 00 & FF
CYC=602 8FA7: cjne  r0,#$80,$8FA5
CYC=604 8FA5: dec   r0
CYC=605 8FA6: movx  @r0,a
[:maincpu] ':maincpu' (8FA7): unmapped xdata memory write to 0094 = 00 & FF
CYC=607 8FA7: cjne  r0,#$80,$8FA5
CYC=609 8FA5: dec   r0
CYC=610 8FA6: movx  @r0,a
[:maincpu] ':maincpu' (8FA7): unmapped xdata memory write to 0093 = 00 & FF
CYC=612 8FA7: cjne  r0,#$80,$8FA5
CYC=614 8FA5: dec   r0
CYC=615 8FA6: movx  @r0,a
[:maincpu] ':maincpu' (8FA7): unmapped xdata memory write to 0092 = 00 & FF
CYC=617 8FA7: cjne  r0,#$80,$8FA5
CYC=619 8FA5: dec   r0
CYC=620 8FA6: movx  @r0,a
[:maincpu] ':maincpu' (8FA7): unmapped xdata memory write to 0091 = 00 & FF
CYC=622 8FA7: cjne  r0,#$80,$8FA5
CYC=624 8FA5: dec   r0
CYC=625 8FA6: movx  @r0,a
[:maincpu] ':maincpu' (8FA7): unmapped xdata memory write to 0090 = 00 & FF
CYC=627 8FA7: cjne  r0,#$80,$8FA5
CYC=629 8FA5: dec   r0
CYC=630 8FA6: movx  @r0,a
[:maincpu] ':maincpu' (8FA7): unmapped xdata memory write to 008F = 00 & FF
CYC=632 8FA7: cjne  r0,#$80,$8FA5
CYC=634 8FA5: dec   r0
CYC=635 8FA6: movx  @r0,a
[:maincpu] ':maincpu' (8FA7): unmapped xdata memory write to 008E = 00 & FF
CYC=637 8FA7: cjne  r0,#$80,$8FA5
CYC=639 8FA5: dec   r0
CYC=640 8FA6: movx  @r0,a
[:maincpu] ':maincpu' (8FA7): unmapped xdata memory write to 008D = 00 & FF
CYC=642 8FA7: cjne  r0,#$80,$8FA5
CYC=644 8FA5: dec   r0
CYC=645 8FA6: movx  @r0,a
[:maincpu] ':maincpu' (8FA7): unmapped xdata memory write to 008C = 00 & FF
CYC=647 8FA7: cjne  r0,#$80,$8FA5
CYC=649 8FA5: dec   r0
CYC=650 8FA6: movx  @r0,a
[:maincpu] ':maincpu' (8FA7): unmapped xdata memory write to 008B = 00 & FF
CYC=652 8FA7: cjne  r0,#$80,$8FA5
CYC=654 8FA5: dec   r0
CYC=655 8FA6: movx  @r0,a
[:maincpu] ':maincpu' (8FA7): unmapped xdata memory write to 008A = 00 & FF
CYC=657 8FA7: cjne  r0,#$80,$8FA5
CYC=659 8FA5: dec   r0
CYC=660 8FA6: movx  @r0,a
[:maincpu] ':maincpu' (8FA7): unmapped xdata memory write to 0089 = 00 & FF
CYC=662 8FA7: cjne  r0,#$80,$8FA5
CYC=664 8FA5: dec   r0
CYC=665 8FA6: movx  @r0,a
[:maincpu] ':maincpu' (8FA7): unmapped xdata memory write to 0088 = 00 & FF
CYC=667 8FA7: cjne  r0,#$80,$8FA5
CYC=669 8FA5: dec   r0
CYC=670 8FA6: movx  @r0,a
[:maincpu] ':maincpu' (8FA7): unmapped xdata memory write to 0087 = 00 & FF
CYC=672 8FA7: cjne  r0,#$80,$8FA5
CYC=674 8FA5: dec   r0
CYC=675 8FA6: movx  @r0,a
[:maincpu] ':maincpu' (8FA7): unmapped xdata memory write to 0086 = 00 & FF
CYC=677 8FA7: cjne  r0,#$80,$8FA5
CYC=679 8FA5: dec   r0
CYC=680 8FA6: movx  @r0,a
[:maincpu] ':maincpu' (8FA7): unmapped xdata memory write to 0085 = 00 & FF
CYC=682 8FA7: cjne  r0,#$80,$8FA5
CYC=684 8FA5: dec   r0
CYC=685 8FA6: movx  @r0,a
[:maincpu] ':maincpu' (8FA7): unmapped xdata memory write to 0084 = 00 & FF
CYC=687 8FA7: cjne  r0,#$80,$8FA5
CYC=689 8FA5: dec   r0
CYC=690 8FA6: movx  @r0,a
[:maincpu] ':maincpu' (8FA7): unmapped xdata memory write to 0083 = 00 & FF
CYC=692 8FA7: cjne  r0,#$80,$8FA5
CYC=694 8FA5: dec   r0
CYC=695 8FA6: movx  @r0,a
[:maincpu] ':maincpu' (8FA7): unmapped xdata memory write to 0082 = 00 & FF
CYC=697 8FA7: cjne  r0,#$80,$8FA5
CYC=699 8FA5: dec   r0
CYC=700 8FA6: movx  @r0,a
[:maincpu] ':maincpu' (8FA7): unmapped xdata memory write to 0081 = 00 & FF
CYC=702 8FA7: cjne  r0,#$80,$8FA5
CYC=704 8FA5: dec   r0
CYC=705 8FA6: movx  @r0,a
[:maincpu] ':maincpu' (8FA7): unmapped xdata memory write to 0080 = 00 & FF
CYC=707 8FA7: cjne  r0,#$80,$8FA5
CYC=709 8FAA: mov   dptr,#$02FF
CYC=711 8FAD: clr   a
CYC=712 8FAE: inc   dptr
CYC=714 8FAF: movx  @dptr,a
[:maincpu] ':maincpu' (8FB0): unmapped xdata memory write to 0300 = 00 & FF
CYC=716 8FB0: mov   a,dph
CYC=717 8FB2: cjne  a,#$03,$8FAD
CYC=719 8FB5: mov   a,dpl
CYC=720 8FB7: cjne  a,#$FF,$8FAD
CYC=722 8FAD: clr   a
CYC=723 8FAE: inc   dptr
CYC=725 8FAF: movx  @dptr,a
[:maincpu] ':maincpu' (8FB0): unmapped xdata memory write to 0301 = 00 & FF
CYC=727 8FB0: mov   a,dph
CYC=728 8FB2: cjne  a,#$03,$8FAD
CYC=730 8FB5: mov   a,dpl
CYC=731 8FB7: cjne  a,#$FF,$8FAD
CYC=733 8FAD: clr   a
CYC=734 8FAE: inc   dptr
CYC=736 8FAF: movx  @dptr,a
[:maincpu] ':maincpu' (8FB0): unmapped xdata memory write to 0302 = 00 & FF
CYC=738 8FB0: mov   a,dph
CYC=739 8FB2: cjne  a,#$03,$8FAD
CYC=741 8FB5: mov   a,dpl
CYC=742 8FB7: cjne  a,#$FF,$8FAD
CYC=744 8FAD: clr   a
CYC=745 8FAE: inc   dptr
CYC=747 8FAF: movx  @dptr,a
[:maincpu] ':maincpu' (8FB0): unmapped xdata memory write to 0303 = 00 & FF
CYC=749 8FB0: mov   a,dph
CYC=750 8FB2: cjne  a,#$03,$8FAD
CYC=752 8FB5: mov   a,dpl
CYC=753 8FB7: cjne  a,#$FF,$8FAD
CYC=755 8FAD: clr   a
CYC=756 8FAE: inc   dptr
CYC=758 8FAF: movx  @dptr,a
[:maincpu] ':maincpu' (8FB0): unmapped xdata memory write to 0304 = 00 & FF
CYC=760 8FB0: mov   a,dph
CYC=761 8FB2: cjne  a,#$03,$8FAD
CYC=763 8FB5: mov   a,dpl
CYC=764 8FB7: cjne  a,#$FF,$8FAD
CYC=766 8FAD: clr   a
CYC=767 8FAE: inc   dptr
CYC=769 8FAF: movx  @dptr,a
[:maincpu] ':maincpu' (8FB0): unmapped xdata memory write to 0305 = 00 & FF
CYC=771 8FB0: mov   a,dph
CYC=772 8FB2: cjne  a,#$03,$8FAD
CYC=774 8FB5: mov   a,dpl
CYC=775 8FB7: cjne  a,#$FF,$8FAD
CYC=777 8FAD: clr   a
CYC=778 8FAE: inc   dptr
CYC=780 8FAF: movx  @dptr,a
[:maincpu] ':maincpu' (8FB0): unmapped xdata memory write to 0306 = 00 & FF
CYC=782 8FB0: mov   a,dph
CYC=783 8FB2: cjne  a,#$03,$8FAD
CYC=785 8FB5: mov   a,dpl
CYC=786 8FB7: cjne  a,#$FF,$8FAD
CYC=788 8FAD: clr   a
CYC=789 8FAE: inc   dptr
CYC=791 8FAF: movx  @dptr,a
[:maincpu] ':maincpu' (8FB0): unmapped xdata memory write to 0307 = 00 & FF
CYC=793 8FB0: mov   a,dph
CYC=794 8FB2: cjne  a,#$03,$8FAD
CYC=796 8FB5: mov   a,dpl
CYC=797 8FB7: cjne  a,#$FF,$8FAD
CYC=799 8FAD: clr   a
CYC=800 8FAE: inc   dptr
CYC=802 8FAF: movx  @dptr,a
[:maincpu] ':maincpu' (8FB0): unmapped xdata memory write to 0308 = 00 & FF
CYC=804 8FB0: mov   a,dph
CYC=805 8FB2: cjne  a,#$03,$8FAD
CYC=807 8FB5: mov   a,dpl
CYC=808 8FB7: cjne  a,#$FF,$8FAD
CYC=810 8FAD: clr   a
CYC=811 8FAE: inc   dptr
CYC=813 8FAF: movx  @dptr,a
[:maincpu] ':maincpu' (8FB0): unmapped xdata memory write to 0309 = 00 & FF
CYC=815 8FB0: mov   a,dph
CYC=816 8FB2: cjne  a,#$03,$8FAD
CYC=818 8FB5: mov   a,dpl
CYC=819 8FB7: cjne  a,#$FF,$8FAD
CYC=821 8FAD: clr   a
CYC=822 8FAE: inc   dptr
CYC=824 8FAF: movx  @dptr,a
[:maincpu] ':maincpu' (8FB0): unmapped xdata memory write to 030A = 00 & FF
CYC=826 8FB0: mov   a,dph
CYC=827 8FB2: cjne  a,#$03,$8FAD
CYC=829 8FB5: mov   a,dpl
CYC=830 8FB7: cjne  a,#$FF,$8FAD
CYC=832 8FAD: clr   a
CYC=833 8FAE: inc   dptr
CYC=835 8FAF: movx  @dptr,a
[:maincpu] ':maincpu' (8FB0): unmapped xdata memory write to 030B = 00 & FF
CYC=837 8FB0: mov   a,dph
CYC=838 8FB2: cjne  a,#$03,$8FAD
CYC=840 8FB5: mov   a,dpl
CYC=841 8FB7: cjne  a,#$FF,$8FAD
CYC=843 8FAD: clr   a
CYC=844 8FAE: inc   dptr
CYC=846 8FAF: movx  @dptr,a
[:maincpu] ':maincpu' (8FB0): unmapped xdata memory write to 030C = 00 & FF
CYC=848 8FB0: mov   a,dph
CYC=849 8FB2: cjne  a,#$03,$8FAD
CYC=851 8FB5: mov   a,dpl
CYC=852 8FB7: cjne  a,#$FF,$8FAD
CYC=854 8FAD: clr   a
CYC=855 8FAE: inc   dptr
CYC=857 8FAF: movx  @dptr,a
[:maincpu] ':maincpu' (8FB0): unmapped xdata memory write to 030D = 00 & FF
CYC=859 8FB0: mov   a,dph
CYC=860 8FB2: cjne  a,#$03,$8FAD
CYC=862 8FB5: mov   a,dpl
CYC=863 8FB7: cjne  a,#$FF,$8FAD
CYC=865 8FAD: clr   a
CYC=866 8FAE: inc   dptr
CYC=868 8FAF: movx  @dptr,a
[:maincpu] ':maincpu' (8FB0): unmapped xdata memory write to 030E = 00 & FF
CYC=870 8FB0: mov   a,dph
CYC=871 8FB2: cjne  a,#$03,$8FAD
CYC=873 8FB5: mov   a,dpl
CYC=874 8FB7: cjne  a,#$FF,$8FAD
CYC=876 8FAD: clr   a
CYC=877 8FAE: inc   dptr
CYC=879 8FAF: movx  @dptr,a
[:maincpu] ':maincpu' (8FB0): unmapped xdata memory write to 030F = 00 & FF
CYC=881 8FB0: mov   a,dph
CYC=882 8FB2: cjne  a,#$03,$8FAD
CYC=884 8FB5: mov   a,dpl
CYC=885 8FB7: cjne  a,#$FF,$8FAD
CYC=887 8FAD: clr   a
CYC=888 8FAE: inc   dptr
CYC=890 8FAF: movx  @dptr,a
[:maincpu] ':maincpu' (8FB0): unmapped xdata memory write to 0310 = 00 & FF
CYC=892 8FB0: mov   a,dph
CYC=893 8FB2: cjne  a,#$03,$8FAD
CYC=895 8FB5: mov   a,dpl
CYC=896 8FB7: cjne  a,#$FF,$8FAD
CYC=898 8FAD: clr   a
CYC=899 8FAE: inc   dptr
CYC=901 8FAF: movx  @dptr,a
[:maincpu] ':maincpu' (8FB0): unmapped xdata memory write to 0311 = 00 & FF
CYC=903 8FB0: mov   a,dph
CYC=904 8FB2: cjne  a,#$03,$8FAD
CYC=906 8FB5: mov   a,dpl
CYC=907 8FB7: cjne  a,#$FF,$8FAD
CYC=909 8FAD: clr   a
CYC=910 8FAE: inc   dptr
CYC=912 8FAF: movx  @dptr,a
[:maincpu] ':maincpu' (8FB0): unmapped xdata memory write to 0312 = 00 & FF
CYC=914 8FB0: mov   a,dph
CYC=915 8FB2: cjne  a,#$03,$8FAD
CYC=917 8FB5: mov   a,dpl
CYC=918 8FB7: cjne  a,#$FF,$8FAD
CYC=920 8FAD: clr   a
CYC=921 8FAE: inc   dptr
CYC=923 8FAF: movx  @dptr,a
[:maincpu] ':maincpu' (8FB0): unmapped xdata memory write to 0313 = 00 & FF
CYC=925 8FB0: mov   a,dph
CYC=926 8FB2: cjne  a,#$03,$8FAD
CYC=928 8FB5: mov   a,dpl
CYC=929 8FB7: cjne  a,#$FF,$8FAD
CYC=931 8FAD: clr   a
CYC=932 8FAE: inc   dptr
CYC=934 8FAF: movx  @dptr,a
[:maincpu] ':maincpu' (8FB0): unmapped xdata memory write to 0314 = 00 & FF
CYC=936 8FB0: mov   a,dph
CYC=937 8FB2: cjne  a,#$03,$8FAD
CYC=939 8FB5: mov   a,dpl
CYC=940 8FB7: cjne  a,#$FF,$8FAD
CYC=942 8FAD: clr   a
CYC=943 8FAE: inc   dptr
CYC=945 8FAF: movx  @dptr,a
[:maincpu] ':maincpu' (8FB0): unmapped xdata memory write to 0315 = 00 & FF
CYC=947 8FB0: mov   a,dph
CYC=948 8FB2: cjne  a,#$03,$8FAD
CYC=950 8FB5: mov   a,dpl
CYC=951 8FB7: cjne  a,#$FF,$8FAD
CYC=953 8FAD: clr   a
CYC=954 8FAE: inc   dptr
CYC=956 8FAF: movx  @dptr,a
[:maincpu] ':maincpu' (8FB0): unmapped xdata memory write to 0316 = 00 & FF
CYC=958 8FB0: mov   a,dph
CYC=959 8FB2: cjne  a,#$03,$8FAD
CYC=961 8FB5: mov   a,dpl
CYC=962 8FB7: cjne  a,#$FF,$8FAD
CYC=964 8FAD: clr   a
CYC=965 8FAE: inc   dptr
CYC=967 8FAF: movx  @dptr,a
[:maincpu] ':maincpu' (8FB0): unmapped xdata memory write to 0317 = 00 & FF
CYC=969 8FB0: mov   a,dph
CYC=970 8FB2: cjne  a,#$03,$8FAD
CYC=972 8FB5: mov   a,dpl
CYC=973 8FB7: cjne  a,#$FF,$8FAD
CYC=975 8FAD: clr   a
CYC=976 8FAE: inc   dptr
CYC=978 8FAF: movx  @dptr,a
[:maincpu] ':maincpu' (8FB0): unmapped xdata memory write to 0318 = 00 & FF
CYC=980 8FB0: mov   a,dph
CYC=981 8FB2: cjne  a,#$03,$8FAD
CYC=983 8FB5: mov   a,dpl
CYC=984 8FB7: cjne  a,#$FF,$8FAD
CYC=986 8FAD: clr   a
CYC=987 8FAE: inc   dptr
CYC=989 8FAF: movx  @dptr,a
[:maincpu] ':maincpu' (8FB0): unmapped xdata memory write to 0319 = 00 & FF
CYC=991 8FB0: mov   a,dph
CYC=992 8FB2: cjne  a,#$03,$8FAD
CYC=994 8FB5: mov   a,dpl
CYC=995 8FB7: cjne  a,#$FF,$8FAD
CYC=997 8FAD: clr   a
CYC=998 8FAE: inc   dptr
CYC=1000 8FAF: movx  @dptr,a
[:maincpu] ':maincpu' (8FB0): unmapped xdata memory write to 031A = 00 & FF
CYC=1002 8FB0: mov   a,dph
CYC=1003 8FB2: cjne  a,#$03,$8FAD
CYC=1005 8FB5: mov   a,dpl
CYC=1006 8FB7: cjne  a,#$FF,$8FAD
CYC=1008 8FAD: clr   a
CYC=1009 8FAE: inc   dptr
CYC=1011 8FAF: movx  @dptr,a
[:maincpu] ':maincpu' (8FB0): unmapped xdata memory write to 031B = 00 & FF
CYC=1013 8FB0: mov   a,dph
CYC=1014 8FB2: cjne  a,#$03,$8FAD
CYC=1016 8FB5: mov   a,dpl
CYC=1017 8FB7: cjne  a,#$FF,$8FAD
CYC=1019 8FAD: clr   a
CYC=1020 8FAE: inc   dptr
CYC=1022 8FAF: movx  @dptr,a
[:maincpu] ':maincpu' (8FB0): unmapped xdata memory write to 031C = 00 & FF
CYC=1024 8FB0: mov   a,dph
CYC=1025 8FB2: cjne  a,#$03,$8FAD
CYC=1027 8FB5: mov   a,dpl
CYC=1028 8FB7: cjne  a,#$FF,$8FAD
CYC=1030 8FAD: clr   a
CYC=1031 8FAE: inc   dptr
CYC=1033 8FAF: movx  @dptr,a
[:maincpu] ':maincpu' (8FB0): unmapped xdata memory write to 031D = 00 & FF
CYC=1035 8FB0: mov   a,dph
CYC=1036 8FB2: cjne  a,#$03,$8FAD
CYC=1038 8FB5: mov   a,dpl
CYC=1039 8FB7: cjne  a,#$FF,$8FAD
CYC=1041 8FAD: clr   a
CYC=1042 8FAE: inc   dptr
CYC=1044 8FAF: movx  @dptr,a
[:maincpu] ':maincpu' (8FB0): unmapped xdata memory write to 031E = 00 & FF
CYC=1046 8FB0: mov   a,dph
CYC=1047 8FB2: cjne  a,#$03,$8FAD
CYC=1049 8FB5: mov   a,dpl
CYC=1050 8FB7: cjne  a,#$FF,$8FAD
CYC=1052 8FAD: clr   a
CYC=1053 8FAE: inc   dptr
CYC=1055 8FAF: movx  @dptr,a
[:maincpu] ':maincpu' (8FB0): unmapped xdata memory write to 031F = 00 & FF
CYC=1057 8FB0: mov   a,dph
CYC=1058 8FB2: cjne  a,#$03,$8FAD
CYC=1060 8FB5: mov   a,dpl
CYC=1061 8FB7: cjne  a,#$FF,$8FAD
CYC=1063 8FAD: clr   a
CYC=1064 8FAE: inc   dptr
CYC=1066 8FAF: movx  @dptr,a
[:maincpu] ':maincpu' (8FB0): unmapped xdata memory write to 0320 = 00 & FF
CYC=1068 8FB0: mov   a,dph
CYC=1069 8FB2: cjne  a,#$03,$8FAD
CYC=1071 8FB5: mov   a,dpl
CYC=1072 8FB7: cjne  a,#$FF,$8FAD
CYC=1074 8FAD: clr   a
CYC=1075 8FAE: inc   dptr
CYC=1077 8FAF: movx  @dptr,a
[:maincpu] ':maincpu' (8FB0): unmapped xdata memory write to 0321 = 00 & FF
CYC=1079 8FB0: mov   a,dph
CYC=1080 8FB2: cjne  a,#$03,$8FAD
CYC=1082 8FB5: mov   a,dpl
CYC=1083 8FB7: cjne  a,#$FF,$8FAD
CYC=1085 8FAD: clr   a
CYC=1086 8FAE: inc   dptr
CYC=1088 8FAF: movx  @dptr,a
[:maincpu] ':maincpu' (8FB0): unmapped xdata memory write to 0322 = 00 & FF
CYC=1090 8FB0: mov   a,dph
CYC=1091 8FB2: cjne  a,#$03,$8FAD
CYC=1093 8FB5: mov   a,dpl
CYC=1094 8FB7: cjne  a,#$FF,$8FAD
CYC=1096 8FAD: clr   a
CYC=1097 8FAE: inc   dptr
CYC=1099 8FAF: movx  @dptr,a
[:maincpu] ':maincpu' (8FB0): unmapped xdata memory write to 0323 = 00 & FF
CYC=1101 8FB0: mov   a,dph
CYC=1102 8FB2: cjne  a,#$03,$8FAD
CYC=1104 8FB5: mov   a,dpl
CYC=1105 8FB7: cjne  a,#$FF,$8FAD
CYC=1107 8FAD: clr   a
CYC=1108 8FAE: inc   dptr
CYC=1110 8FAF: movx  @dptr,a
[:maincpu] ':maincpu' (8FB0): unmapped xdata memory write to 0324 = 00 & FF
CYC=1112 8FB0: mov   a,dph
CYC=1113 8FB2: cjne  a,#$03,$8FAD
CYC=1115 8FB5: mov   a,dpl
CYC=1116 8FB7: cjne  a,#$FF,$8FAD
CYC=1118 8FAD: clr   a
CYC=1119 8FAE: inc   dptr
CYC=1121 8FAF: movx  @dptr,a
[:maincpu] ':maincpu' (8FB0): unmapped xdata memory write to 0325 = 00 & FF
CYC=1123 8FB0: mov   a,dph
CYC=1124 8FB2: cjne  a,#$03,$8FAD
CYC=1126 8FB5: mov   a,dpl
CYC=1127 8FB7: cjne  a,#$FF,$8FAD
CYC=1129 8FAD: clr   a
CYC=1130 8FAE: inc   dptr
CYC=1132 8FAF: movx  @dptr,a
[:maincpu] ':maincpu' (8FB0): unmapped xdata memory write to 0326 = 00 & FF
CYC=1134 8FB0: mov   a,dph
CYC=1135 8FB2: cjne  a,#$03,$8FAD
CYC=1137 8FB5: mov   a,dpl
CYC=1138 8FB7: cjne  a,#$FF,$8FAD
CYC=1140 8FAD: clr   a
CYC=1141 8FAE: inc   dptr
CYC=1143 8FAF: movx  @dptr,a
[:maincpu] ':maincpu' (8FB0): unmapped xdata memory write to 0327 = 00 & FF
CYC=1145 8FB0: mov   a,dph
CYC=1146 8FB2: cjne  a,#$03,$8FAD
CYC=1148 8FB5: mov   a,dpl
CYC=1149 8FB7: cjne  a,#$FF,$8FAD
CYC=1151 8FAD: clr   a
CYC=1152 8FAE: inc   dptr
CYC=1154 8FAF: movx  @dptr,a
[:maincpu] ':maincpu' (8FB0): unmapped xdata memory write to 0328 = 00 & FF
CYC=1156 8FB0: mov   a,dph
CYC=1157 8FB2: cjne  a,#$03,$8FAD
CYC=1159 8FB5: mov   a,dpl
CYC=1160 8FB7: cjne  a,#$FF,$8FAD
CYC=1162 8FAD: clr   a
CYC=1163 8FAE: inc   dptr
CYC=1165 8FAF: movx  @dptr,a
[:maincpu] ':maincpu' (8FB0): unmapped xdata memory write to 0329 = 00 & FF
CYC=1167 8FB0: mov   a,dph
CYC=1168 8FB2: cjne  a,#$03,$8FAD
CYC=1170 8FB5: mov   a,dpl
CYC=1171 8FB7: cjne  a,#$FF,$8FAD
CYC=1173 8FAD: clr   a
CYC=1174 8FAE: inc   dptr
CYC=1176 8FAF: movx  @dptr,a
[:maincpu] ':maincpu' (8FB0): unmapped xdata memory write to 032A = 00 & FF
CYC=1178 8FB0: mov   a,dph
CYC=1179 8FB2: cjne  a,#$03,$8FAD
CYC=1181 8FB5: mov   a,dpl
CYC=1182 8FB7: cjne  a,#$FF,$8FAD
CYC=1184 8FAD: clr   a
CYC=1185 8FAE: inc   dptr
CYC=1187 8FAF: movx  @dptr,a
[:maincpu] ':maincpu' (8FB0): unmapped xdata memory write to 032B = 00 & FF
CYC=1189 8FB0: mov   a,dph
CYC=1190 8FB2: cjne  a,#$03,$8FAD
CYC=1192 8FB5: mov   a,dpl
CYC=1193 8FB7: cjne  a,#$FF,$8FAD
CYC=1195 8FAD: clr   a
CYC=1196 8FAE: inc   dptr
CYC=1198 8FAF: movx  @dptr,a
[:maincpu] ':maincpu' (8FB0): unmapped xdata memory write to 032C = 00 & FF
CYC=1200 8FB0: mov   a,dph
CYC=1201 8FB2: cjne  a,#$03,$8FAD
CYC=1203 8FB5: mov   a,dpl
CYC=1204 8FB7: cjne  a,#$FF,$8FAD
CYC=1206 8FAD: clr   a
CYC=1207 8FAE: inc   dptr
CYC=1209 8FAF: movx  @dptr,a
[:maincpu] ':maincpu' (8FB0): unmapped xdata memory write to 032D = 00 & FF
CYC=1211 8FB0: mov   a,dph
CYC=1212 8FB2: cjne  a,#$03,$8FAD
CYC=1214 8FB5: mov   a,dpl
CYC=1215 8FB7: cjne  a,#$FF,$8FAD
CYC=1217 8FAD: clr   a
CYC=1218 8FAE: inc   dptr
CYC=1220 8FAF: movx  @dptr,a
[:maincpu] ':maincpu' (8FB0): unmapped xdata memory write to 032E = 00 & FF
CYC=1222 8FB0: mov   a,dph
CYC=1223 8FB2: cjne  a,#$03,$8FAD
CYC=1225 8FB5: mov   a,dpl
CYC=1226 8FB7: cjne  a,#$FF,$8FAD
CYC=1228 8FAD: clr   a
CYC=1229 8FAE: inc   dptr
CYC=1231 8FAF: movx  @dptr,a
[:maincpu] ':maincpu' (8FB0): unmapped xdata memory write to 032F = 00 & FF
CYC=1233 8FB0: mov   a,dph
CYC=1234 8FB2: cjne  a,#$03,$8FAD
CYC=1236 8FB5: mov   a,dpl
CYC=1237 8FB7: cjne  a,#$FF,$8FAD
CYC=1239 8FAD: clr   a
CYC=1240 8FAE: inc   dptr
CYC=1242 8FAF: movx  @dptr,a
[:maincpu] ':maincpu' (8FB0): unmapped xdata memory write to 0330 = 00 & FF
CYC=1244 8FB0: mov   a,dph
CYC=1245 8FB2: cjne  a,#$03,$8FAD
CYC=1247 8FB5: mov   a,dpl
CYC=1248 8FB7: cjne  a,#$FF,$8FAD
CYC=1250 8FAD: clr   a
CYC=1251 8FAE: inc   dptr
CYC=1253 8FAF: movx  @dptr,a
[:maincpu] ':maincpu' (8FB0): unmapped xdata memory write to 0331 = 00 & FF
CYC=1255 8FB0: mov   a,dph
CYC=1256 8FB2: cjne  a,#$03,$8FAD
CYC=1258 8FB5: mov   a,dpl
CYC=1259 8FB7: cjne  a,#$FF,$8FAD
CYC=1261 8FAD: clr   a
CYC=1262 8FAE: inc   dptr
CYC=1264 8FAF: movx  @dptr,a
[:maincpu] ':maincpu' (8FB0): unmapped xdata memory write to 0332 = 00 & FF
CYC=1266 8FB0: mov   a,dph
CYC=1267 8FB2: cjne  a,#$03,$8FAD
CYC=1269 8FB5: mov   a,dpl
CYC=1270 8FB7: cjne  a,#$FF,$8FAD
CYC=1272 8FAD: clr   a
CYC=1273 8FAE: inc   dptr
CYC=1275 8FAF: movx  @dptr,a
[:maincpu] ':maincpu' (8FB0): unmapped xdata memory write to 0333 = 00 & FF
CYC=1277 8FB0: mov   a,dph
CYC=1278 8FB2: cjne  a,#$03,$8FAD
CYC=1280 8FB5: mov   a,dpl
CYC=1281 8FB7: cjne  a,#$FF,$8FAD
CYC=1283 8FAD: clr   a
CYC=1284 8FAE: inc   dptr
CYC=1286 8FAF: movx  @dptr,a
[:maincpu] ':maincpu' (8FB0): unmapped xdata memory write to 0334 = 00 & FF
CYC=1288 8FB0: mov   a,dph
CYC=1289 8FB2: cjne  a,#$03,$8FAD
CYC=1291 8FB5: mov   a,dpl
CYC=1292 8FB7: cjne  a,#$FF,$8FAD
CYC=1294 8FAD: clr   a
CYC=1295 8FAE: inc   dptr
CYC=1297 8FAF: movx  @dptr,a
[:maincpu] ':maincpu' (8FB0): unmapped xdata memory write to 0335 = 00 & FF
CYC=1299 8FB0: mov   a,dph
CYC=1300 8FB2: cjne  a,#$03,$8FAD
CYC=1302 8FB5: mov   a,dpl
CYC=1303 8FB7: cjne  a,#$FF,$8FAD
CYC=1305 8FAD: clr   a
CYC=1306 8FAE: inc   dptr
CYC=1308 8FAF: movx  @dptr,a
[:maincpu] ':maincpu' (8FB0): unmapped xdata memory write to 0336 = 00 & FF
CYC=1310 8FB0: mov   a,dph
CYC=1311 8FB2: cjne  a,#$03,$8FAD
CYC=1313 8FB5: mov   a,dpl
CYC=1314 8FB7: cjne  a,#$FF,$8FAD
CYC=1316 8FAD: clr   a
CYC=1317 8FAE: inc   dptr
CYC=1319 8FAF: movx  @dptr,a
[:maincpu] ':maincpu' (8FB0): unmapped xdata memory write to 0337 = 00 & FF
CYC=1321 8FB0: mov   a,dph
CYC=1322 8FB2: cjne  a,#$03,$8FAD
CYC=1324 8FB5: mov   a,dpl
CYC=1325 8FB7: cjne  a,#$FF,$8FAD
CYC=1327 8FAD: clr   a
CYC=1328 8FAE: inc   dptr
CYC=1330 8FAF: movx  @dptr,a
[:maincpu] ':maincpu' (8FB0): unmapped xdata memory write to 0338 = 00 & FF
CYC=1332 8FB0: mov   a,dph
CYC=1333 8FB2: cjne  a,#$03,$8FAD
CYC=1335 8FB5: mov   a,dpl
CYC=1336 8FB7: cjne  a,#$FF,$8FAD
CYC=1338 8FAD: clr   a
CYC=1339 8FAE: inc   dptr
CYC=1341 8FAF: movx  @dptr,a
[:maincpu] ':maincpu' (8FB0): unmapped xdata memory write to 0339 = 00 & FF
CYC=1343 8FB0: mov   a,dph
CYC=1344 8FB2: cjne  a,#$03,$8FAD
CYC=1346 8FB5: mov   a,dpl
CYC=1347 8FB7: cjne  a,#$FF,$8FAD
CYC=1349 8FAD: clr   a
CYC=1350 8FAE: inc   dptr
CYC=1352 8FAF: movx  @dptr,a
[:maincpu] ':maincpu' (8FB0): unmapped xdata memory write to 033A = 00 & FF
CYC=1354 8FB0: mov   a,dph
CYC=1355 8FB2: cjne  a,#$03,$8FAD
CYC=1357 8FB5: mov   a,dpl
CYC=1358 8FB7: cjne  a,#$FF,$8FAD
CYC=1360 8FAD: clr   a
CYC=1361 8FAE: inc   dptr
CYC=1363 8FAF: movx  @dptr,a
[:maincpu] ':maincpu' (8FB0): unmapped xdata memory write to 033B = 00 & FF
CYC=1365 8FB0: mov   a,dph
CYC=1366 8FB2: cjne  a,#$03,$8FAD
CYC=1368 8FB5: mov   a,dpl
CYC=1369 8FB7: cjne  a,#$FF,$8FAD
CYC=1371 8FAD: clr   a
CYC=1372 8FAE: inc   dptr
CYC=1374 8FAF: movx  @dptr,a
[:maincpu] ':maincpu' (8FB0): unmapped xdata memory write to 033C = 00 & FF
CYC=1376 8FB0: mov   a,dph
CYC=1377 8FB2: cjne  a,#$03,$8FAD
CYC=1379 8FB5: mov   a,dpl
CYC=1380 8FB7: cjne  a,#$FF,$8FAD
CYC=1382 8FAD: clr   a
CYC=1383 8FAE: inc   dptr
CYC=1385 8FAF: movx  @dptr,a
[:maincpu] ':maincpu' (8FB0): unmapped xdata memory write to 033D = 00 & FF
CYC=1387 8FB0: mov   a,dph
CYC=1388 8FB2: cjne  a,#$03,$8FAD
CYC=1390 8FB5: mov   a,dpl
CYC=1391 8FB7: cjne  a,#$FF,$8FAD
CYC=1393 8FAD: clr   a
CYC=1394 8FAE: inc   dptr
CYC=1396 8FAF: movx  @dptr,a
[:maincpu] ':maincpu' (8FB0): unmapped xdata memory write to 033E = 00 & FF
CYC=1398 8FB0: mov   a,dph
CYC=1399 8FB2: cjne  a,#$03,$8FAD
CYC=1401 8FB5: mov   a,dpl
CYC=1402 8FB7: cjne  a,#$FF,$8FAD
CYC=1404 8FAD: clr   a
CYC=1405 8FAE: inc   dptr
CYC=1407 8FAF: movx  @dptr,a
[:maincpu] ':maincpu' (8FB0): unmapped xdata memory write to 033F = 00 & FF
CYC=1409 8FB0: mov   a,dph
CYC=1410 8FB2: cjne  a,#$03,$8FAD
CYC=1412 8FB5: mov   a,dpl
CYC=1413 8FB7: cjne  a,#$FF,$8FAD
CYC=1415 8FAD: clr   a
CYC=1416 8FAE: inc   dptr
CYC=1418 8FAF: movx  @dptr,a
[:maincpu] ':maincpu' (8FB0): unmapped xdata memory write to 0340 = 00 & FF
CYC=1420 8FB0: mov   a,dph
CYC=1421 8FB2: cjne  a,#$03,$8FAD
CYC=1423 8FB5: mov   a,dpl
CYC=1424 8FB7: cjne  a,#$FF,$8FAD
CYC=1426 8FAD: clr   a
CYC=1427 8FAE: inc   dptr
CYC=1429 8FAF: movx  @dptr,a
[:maincpu] ':maincpu' (8FB0): unmapped xdata memory write to 0341 = 00 & FF
CYC=1431 8FB0: mov   a,dph
CYC=1432 8FB2: cjne  a,#$03,$8FAD
CYC=1434 8FB5: mov   a,dpl
CYC=1435 8FB7: cjne  a,#$FF,$8FAD
CYC=1437 8FAD: clr   a
CYC=1438 8FAE: inc   dptr
CYC=1440 8FAF: movx  @dptr,a
[:maincpu] ':maincpu' (8FB0): unmapped xdata memory write to 0342 = 00 & FF
CYC=1442 8FB0: mov   a,dph
CYC=1443 8FB2: cjne  a,#$03,$8FAD
CYC=1445 8FB5: mov   a,dpl
CYC=1446 8FB7: cjne  a,#$FF,$8FAD
CYC=1448 8FAD: clr   a
CYC=1449 8FAE: inc   dptr
CYC=1451 8FAF: movx  @dptr,a
[:maincpu] ':maincpu' (8FB0): unmapped xdata memory write to 0343 = 00 & FF
CYC=1453 8FB0: mov   a,dph
CYC=1454 8FB2: cjne  a,#$03,$8FAD
CYC=1456 8FB5: mov   a,dpl
CYC=1457 8FB7: cjne  a,#$FF,$8FAD
CYC=1459 8FAD: clr   a
CYC=1460 8FAE: inc   dptr
CYC=1462 8FAF: movx  @dptr,a
[:maincpu] ':maincpu' (8FB0): unmapped xdata memory write to 0344 = 00 & FF
CYC=1464 8FB0: mov   a,dph
CYC=1465 8FB2: cjne  a,#$03,$8FAD
CYC=1467 8FB5: mov   a,dpl
CYC=1468 8FB7: cjne  a,#$FF,$8FAD
CYC=1470 8FAD: clr   a
CYC=1471 8FAE: inc   dptr
CYC=1473 8FAF: movx  @dptr,a
[:maincpu] ':maincpu' (8FB0): unmapped xdata memory write to 0345 = 00 & FF
CYC=1475 8FB0: mov   a,dph
CYC=1476 8FB2: cjne  a,#$03,$8FAD
CYC=1478 8FB5: mov   a,dpl
CYC=1479 8FB7: cjne  a,#$FF,$8FAD
CYC=1481 8FAD: clr   a
CYC=1482 8FAE: inc   dptr
CYC=1484 8FAF: movx  @dptr,a
[:maincpu] ':maincpu' (8FB0): unmapped xdata memory write to 0346 = 00 & FF
CYC=1486 8FB0: mov   a,dph
CYC=1487 8FB2: cjne  a,#$03,$8FAD
CYC=1489 8FB5: mov   a,dpl
CYC=1490 8FB7: cjne  a,#$FF,$8FAD
CYC=1492 8FAD: clr   a
CYC=1493 8FAE: inc   dptr
CYC=1495 8FAF: movx  @dptr,a
[:maincpu] ':maincpu' (8FB0): unmapped xdata memory write to 0347 = 00 & FF
CYC=1497 8FB0: mov   a,dph
CYC=1498 8FB2: cjne  a,#$03,$8FAD
CYC=1500 8FB5: mov   a,dpl
CYC=1501 8FB7: cjne  a,#$FF,$8FAD
CYC=1503 8FAD: clr   a
CYC=1504 8FAE: inc   dptr
CYC=1506 8FAF: movx  @dptr,a
[:maincpu] ':maincpu' (8FB0): unmapped xdata memory write to 0348 = 00 & FF
CYC=1508 8FB0: mov   a,dph
CYC=1509 8FB2: cjne  a,#$03,$8FAD
CYC=1511 8FB5: mov   a,dpl
CYC=1512 8FB7: cjne  a,#$FF,$8FAD
CYC=1514 8FAD: clr   a
CYC=1515 8FAE: inc   dptr
CYC=1517 8FAF: movx  @dptr,a
[:maincpu] ':maincpu' (8FB0): unmapped xdata memory write to 0349 = 00 & FF
CYC=1519 8FB0: mov   a,dph
CYC=1520 8FB2: cjne  a,#$03,$8FAD
CYC=1522 8FB5: mov   a,dpl
CYC=1523 8FB7: cjne  a,#$FF,$8FAD
CYC=1525 8FAD: clr   a
CYC=1526 8FAE: inc   dptr
CYC=1528 8FAF: movx  @dptr,a
[:maincpu] ':maincpu' (8FB0): unmapped xdata memory write to 034A = 00 & FF
CYC=1530 8FB0: mov   a,dph
CYC=1531 8FB2: cjne  a,#$03,$8FAD
CYC=1533 8FB5: mov   a,dpl
CYC=1534 8FB7: cjne  a,#$FF,$8FAD
CYC=1536 8FAD: clr   a
CYC=1537 8FAE: inc   dptr
CYC=1539 8FAF: movx  @dptr,a
[:maincpu] ':maincpu' (8FB0): unmapped xdata memory write to 034B = 00 & FF
CYC=1541 8FB0: mov   a,dph
CYC=1542 8FB2: cjne  a,#$03,$8FAD
CYC=1544 8FB5: mov   a,dpl
CYC=1545 8FB7: cjne  a,#$FF,$8FAD
CYC=1547 8FAD: clr   a
CYC=1548 8FAE: inc   dptr
CYC=1550 8FAF: movx  @dptr,a
[:maincpu] ':maincpu' (8FB0): unmapped xdata memory write to 034C = 00 & FF
CYC=1552 8FB0: mov   a,dph
CYC=1553 8FB2: cjne  a,#$03,$8FAD
CYC=1555 8FB5: mov   a,dpl
CYC=1556 8FB7: cjne  a,#$FF,$8FAD
CYC=1558 8FAD: clr   a
CYC=1559 8FAE: inc   dptr
CYC=1561 8FAF: movx  @dptr,a
[:maincpu] ':maincpu' (8FB0): unmapped xdata memory write to 034D = 00 & FF
CYC=1563 8FB0: mov   a,dph
CYC=1564 8FB2: cjne  a,#$03,$8FAD
CYC=1566 8FB5: mov   a,dpl
CYC=1567 8FB7: cjne  a,#$FF,$8FAD
CYC=1569 8FAD: clr   a
CYC=1570 8FAE: inc   dptr
CYC=1572 8FAF: movx  @dptr,a
[:maincpu] ':maincpu' (8FB0): unmapped xdata memory write to 034E = 00 & FF
CYC=1574 8FB0: mov   a,dph
CYC=1575 8FB2: cjne  a,#$03,$8FAD
CYC=1577 8FB5: mov   a,dpl
CYC=1578 8FB7: cjne  a,#$FF,$8FAD
CYC=1580 8FAD: clr   a
CYC=1581 8FAE: inc   dptr
CYC=1583 8FAF: movx  @dptr,a
[:maincpu] ':maincpu' (8FB0): unmapped xdata memory write to 034F = 00 & FF
CYC=1585 8FB0: mov   a,dph
CYC=1586 8FB2: cjne  a,#$03,$8FAD
CYC=1588 8FB5: mov   a,dpl
CYC=1589 8FB7: cjne  a,#$FF,$8FAD
CYC=1591 8FAD: clr   a
CYC=1592 8FAE: inc   dptr
CYC=1594 8FAF: movx  @dptr,a
[:maincpu] ':maincpu' (8FB0): unmapped xdata memory write to 0350 = 00 & FF
CYC=1596 8FB0: mov   a,dph
CYC=1597 8FB2: cjne  a,#$03,$8FAD
CYC=1599 8FB5: mov   a,dpl
CYC=1600 8FB7: cjne  a,#$FF,$8FAD
CYC=1602 8FAD: clr   a
CYC=1603 8FAE: inc   dptr
CYC=1605 8FAF: movx  @dptr,a
[:maincpu] ':maincpu' (8FB0): unmapped xdata memory write to 0351 = 00 & FF
CYC=1607 8FB0: mov   a,dph
CYC=1608 8FB2: cjne  a,#$03,$8FAD
CYC=1610 8FB5: mov   a,dpl
CYC=1611 8FB7: cjne  a,#$FF,$8FAD
CYC=1613 8FAD: clr   a
CYC=1614 8FAE: inc   dptr
CYC=1616 8FAF: movx  @dptr,a
[:maincpu] ':maincpu' (8FB0): unmapped xdata memory write to 0352 = 00 & FF
CYC=1618 8FB0: mov   a,dph
CYC=1619 8FB2: cjne  a,#$03,$8FAD
CYC=1621 8FB5: mov   a,dpl
CYC=1622 8FB7: cjne  a,#$FF,$8FAD
CYC=1624 8FAD: clr   a
CYC=1625 8FAE: inc   dptr
CYC=1627 8FAF: movx  @dptr,a
[:maincpu] ':maincpu' (8FB0): unmapped xdata memory write to 0353 = 00 & FF
CYC=1629 8FB0: mov   a,dph
CYC=1630 8FB2: cjne  a,#$03,$8FAD
CYC=1632 8FB5: mov   a,dpl
CYC=1633 8FB7: cjne  a,#$FF,$8FAD
CYC=1635 8FAD: clr   a
CYC=1636 8FAE: inc   dptr
CYC=1638 8FAF: movx  @dptr,a
[:maincpu] ':maincpu' (8FB0): unmapped xdata memory write to 0354 = 00 & FF
CYC=1640 8FB0: mov   a,dph
CYC=1641 8FB2: cjne  a,#$03,$8FAD
CYC=1643 8FB5: mov   a,dpl
CYC=1644 8FB7: cjne  a,#$FF,$8FAD
CYC=1646 8FAD: clr   a
CYC=1647 8FAE: inc   dptr
CYC=1649 8FAF: movx  @dptr,a
[:maincpu] ':maincpu' (8FB0): unmapped xdata memory write to 0355 = 00 & FF
CYC=1651 8FB0: mov   a,dph
CYC=1652 8FB2: cjne  a,#$03,$8FAD
CYC=1654 8FB5: mov   a,dpl
CYC=1655 8FB7: cjne  a,#$FF,$8FAD
CYC=1657 8FAD: clr   a
CYC=1658 8FAE: inc   dptr
CYC=1660 8FAF: movx  @dptr,a
[:maincpu] ':maincpu' (8FB0): unmapped xdata memory write to 0356 = 00 & FF
CYC=1662 8FB0: mov   a,dph
CYC=1663 8FB2: cjne  a,#$03,$8FAD
CYC=1665 8FB5: mov   a,dpl
CYC=1666 8FB7: cjne  a,#$FF,$8FAD
CYC=1668 8FAD: clr   a
CYC=1669 8FAE: inc   dptr
CYC=1671 8FAF: movx  @dptr,a
[:maincpu] ':maincpu' (8FB0): unmapped xdata memory write to 0357 = 00 & FF
CYC=1673 8FB0: mov   a,dph
CYC=1674 8FB2: cjne  a,#$03,$8FAD
CYC=1676 8FB5: mov   a,dpl
CYC=1677 8FB7: cjne  a,#$FF,$8FAD
CYC=1679 8FAD: clr   a
CYC=1680 8FAE: inc   dptr
CYC=1682 8FAF: movx  @dptr,a
[:maincpu] ':maincpu' (8FB0): unmapped xdata memory write to 0358 = 00 & FF
CYC=1684 8FB0: mov   a,dph
CYC=1685 8FB2: cjne  a,#$03,$8FAD
CYC=1687 8FB5: mov   a,dpl
CYC=1688 8FB7: cjne  a,#$FF,$8FAD
CYC=1690 8FAD: clr   a
CYC=1691 8FAE: inc   dptr
CYC=1693 8FAF: movx  @dptr,a
[:maincpu] ':maincpu' (8FB0): unmapped xdata memory write to 0359 = 00 & FF
CYC=1695 8FB0: mov   a,dph
CYC=1696 8FB2: cjne  a,#$03,$8FAD
CYC=1698 8FB5: mov   a,dpl
CYC=1699 8FB7: cjne  a,#$FF,$8FAD
CYC=1701 8FAD: clr   a
CYC=1702 8FAE: inc   dptr
CYC=1704 8FAF: movx  @dptr,a
[:maincpu] ':maincpu' (8FB0): unmapped xdata memory write to 035A = 00 & FF
CYC=1706 8FB0: mov   a,dph
CYC=1707 8FB2: cjne  a,#$03,$8FAD
CYC=1709 8FB5: mov   a,dpl
CYC=1710 8FB7: cjne  a,#$FF,$8FAD
CYC=1712 8FAD: clr   a
CYC=1713 8FAE: inc   dptr
CYC=1715 8FAF: movx  @dptr,a
[:maincpu] ':maincpu' (8FB0): unmapped xdata memory write to 035B = 00 & FF
CYC=1717 8FB0: mov   a,dph
CYC=1718 8FB2: cjne  a,#$03,$8FAD
CYC=1720 8FB5: mov   a,dpl
CYC=1721 8FB7: cjne  a,#$FF,$8FAD
CYC=1723 8FAD: clr   a
CYC=1724 8FAE: inc   dptr
CYC=1726 8FAF: movx  @dptr,a
[:maincpu] ':maincpu' (8FB0): unmapped xdata memory write to 035C = 00 & FF
CYC=1728 8FB0: mov   a,dph
CYC=1729 8FB2: cjne  a,#$03,$8FAD
CYC=1731 8FB5: mov   a,dpl
CYC=1732 8FB7: cjne  a,#$FF,$8FAD
CYC=1734 8FAD: clr   a
CYC=1735 8FAE: inc   dptr
CYC=1737 8FAF: movx  @dptr,a
[:maincpu] ':maincpu' (8FB0): unmapped xdata memory write to 035D = 00 & FF
CYC=1739 8FB0: mov   a,dph
CYC=1740 8FB2: cjne  a,#$03,$8FAD
CYC=1742 8FB5: mov   a,dpl
CYC=1743 8FB7: cjne  a,#$FF,$8FAD
CYC=1745 8FAD: clr   a
CYC=1746 8FAE: inc   dptr
CYC=1748 8FAF: movx  @dptr,a
[:maincpu] ':maincpu' (8FB0): unmapped xdata memory write to 035E = 00 & FF
CYC=1750 8FB0: mov   a,dph
CYC=1751 8FB2: cjne  a,#$03,$8FAD
CYC=1753 8FB5: mov   a,dpl
CYC=1754 8FB7: cjne  a,#$FF,$8FAD
CYC=1756 8FAD: clr   a
CYC=1757 8FAE: inc   dptr
CYC=1759 8FAF: movx  @dptr,a
[:maincpu] ':maincpu' (8FB0): unmapped xdata memory write to 035F = 00 & FF
CYC=1761 8FB0: mov   a,dph
CYC=1762 8FB2: cjne  a,#$03,$8FAD
CYC=1764 8FB5: mov   a,dpl
CYC=1765 8FB7: cjne  a,#$FF,$8FAD
CYC=1767 8FAD: clr   a
CYC=1768 8FAE: inc   dptr
CYC=1770 8FAF: movx  @dptr,a
[:maincpu] ':maincpu' (8FB0): unmapped xdata memory write to 0360 = 00 & FF
CYC=1772 8FB0: mov   a,dph
CYC=1773 8FB2: cjne  a,#$03,$8FAD
CYC=1775 8FB5: mov   a,dpl
CYC=1776 8FB7: cjne  a,#$FF,$8FAD
CYC=1778 8FAD: clr   a
CYC=1779 8FAE: inc   dptr
CYC=1781 8FAF: movx  @dptr,a
[:maincpu] ':maincpu' (8FB0): unmapped xdata memory write to 0361 = 00 & FF
CYC=1783 8FB0: mov   a,dph
CYC=1784 8FB2: cjne  a,#$03,$8FAD
CYC=1786 8FB5: mov   a,dpl
CYC=1787 8FB7: cjne  a,#$FF,$8FAD
CYC=1789 8FAD: clr   a
CYC=1790 8FAE: inc   dptr
CYC=1792 8FAF: movx  @dptr,a
[:maincpu] ':maincpu' (8FB0): unmapped xdata memory write to 0362 = 00 & FF
CYC=1794 8FB0: mov   a,dph
CYC=1795 8FB2: cjne  a,#$03,$8FAD
CYC=1797 8FB5: mov   a,dpl
CYC=1798 8FB7: cjne  a,#$FF,$8FAD
CYC=1800 8FAD: clr   a
CYC=1801 8FAE: inc   dptr
CYC=1803 8FAF: movx  @dptr,a
[:maincpu] ':maincpu' (8FB0): unmapped xdata memory write to 0363 = 00 & FF
CYC=1805 8FB0: mov   a,dph
CYC=1806 8FB2: cjne  a,#$03,$8FAD
CYC=1808 8FB5: mov   a,dpl
CYC=1809 8FB7: cjne  a,#$FF,$8FAD
CYC=1811 8FAD: clr   a
CYC=1812 8FAE: inc   dptr
CYC=1814 8FAF: movx  @dptr,a
[:maincpu] ':maincpu' (8FB0): unmapped xdata memory write to 0364 = 00 & FF
CYC=1816 8FB0: mov   a,dph
CYC=1817 8FB2: cjne  a,#$03,$8FAD
CYC=1819 8FB5: mov   a,dpl
CYC=1820 8FB7: cjne  a,#$FF,$8FAD
CYC=1822 8FAD: clr   a
CYC=1823 8FAE: inc   dptr
CYC=1825 8FAF: movx  @dptr,a
[:maincpu] ':maincpu' (8FB0): unmapped xdata memory write to 0365 = 00 & FF
CYC=1827 8FB0: mov   a,dph
CYC=1828 8FB2: cjne  a,#$03,$8FAD
CYC=1830 8FB5: mov   a,dpl
CYC=1831 8FB7: cjne  a,#$FF,$8FAD
CYC=1833 8FAD: clr   a
CYC=1834 8FAE: inc   dptr
CYC=1836 8FAF: movx  @dptr,a
[:maincpu] ':maincpu' (8FB0): unmapped xdata memory write to 0366 = 00 & FF
CYC=1838 8FB0: mov   a,dph
CYC=1839 8FB2: cjne  a,#$03,$8FAD
CYC=1841 8FB5: mov   a,dpl
CYC=1842 8FB7: cjne  a,#$FF,$8FAD
CYC=1844 8FAD: clr   a
CYC=1845 8FAE: inc   dptr
CYC=1847 8FAF: movx  @dptr,a
[:maincpu] ':maincpu' (8FB0): unmapped xdata memory write to 0367 = 00 & FF
CYC=1849 8FB0: mov   a,dph
CYC=1850 8FB2: cjne  a,#$03,$8FAD
CYC=1852 8FB5: mov   a,dpl
CYC=1853 8FB7: cjne  a,#$FF,$8FAD
CYC=1855 8FAD: clr   a
CYC=1856 8FAE: inc   dptr
CYC=1858 8FAF: movx  @dptr,a
[:maincpu] ':maincpu' (8FB0): unmapped xdata memory write to 0368 = 00 & FF
CYC=1860 8FB0: mov   a,dph
CYC=1861 8FB2: cjne  a,#$03,$8FAD
CYC=1863 8FB5: mov   a,dpl
CYC=1864 8FB7: cjne  a,#$FF,$8FAD
CYC=1866 8FAD: clr   a
CYC=1867 8FAE: inc   dptr
CYC=1869 8FAF: movx  @dptr,a
[:maincpu] ':maincpu' (8FB0): unmapped xdata memory write to 0369 = 00 & FF
CYC=1871 8FB0: mov   a,dph
CYC=1872 8FB2: cjne  a,#$03,$8FAD
CYC=1874 8FB5: mov   a,dpl
CYC=1875 8FB7: cjne  a,#$FF,$8FAD
CYC=1877 8FAD: clr   a
CYC=1878 8FAE: inc   dptr
CYC=1880 8FAF: movx  @dptr,a
[:maincpu] ':maincpu' (8FB0): unmapped xdata memory write to 036A = 00 & FF
CYC=1882 8FB0: mov   a,dph
CYC=1883 8FB2: cjne  a,#$03,$8FAD
CYC=1885 8FB5: mov   a,dpl
CYC=1886 8FB7: cjne  a,#$FF,$8FAD
CYC=1888 8FAD: clr   a
CYC=1889 8FAE: inc   dptr
CYC=1891 8FAF: movx  @dptr,a
[:maincpu] ':maincpu' (8FB0): unmapped xdata memory write to 036B = 00 & FF
CYC=1893 8FB0: mov   a,dph
CYC=1894 8FB2: cjne  a,#$03,$8FAD
CYC=1896 8FB5: mov   a,dpl
CYC=1897 8FB7: cjne  a,#$FF,$8FAD
CYC=1899 8FAD: clr   a
CYC=1900 8FAE: inc   dptr
CYC=1902 8FAF: movx  @dptr,a
[:maincpu] ':maincpu' (8FB0): unmapped xdata memory write to 036C = 00 & FF
CYC=1904 8FB0: mov   a,dph
CYC=1905 8FB2: cjne  a,#$03,$8FAD
CYC=1907 8FB5: mov   a,dpl
CYC=1908 8FB7: cjne  a,#$FF,$8FAD
CYC=1910 8FAD: clr   a
CYC=1911 8FAE: inc   dptr
CYC=1913 8FAF: movx  @dptr,a
[:maincpu] ':maincpu' (8FB0): unmapped xdata memory write to 036D = 00 & FF
CYC=1915 8FB0: mov   a,dph
CYC=1916 8FB2: cjne  a,#$03,$8FAD
CYC=1918 8FB5: mov   a,dpl
CYC=1919 8FB7: cjne  a,#$FF,$8FAD
CYC=1921 8FAD: clr   a
CYC=1922 8FAE: inc   dptr
CYC=1924 8FAF: movx  @dptr,a
[:maincpu] ':maincpu' (8FB0): unmapped xdata memory write to 036E = 00 & FF
CYC=1926 8FB0: mov   a,dph
CYC=1927 8FB2: cjne  a,#$03,$8FAD
CYC=1929 8FB5: mov   a,dpl
CYC=1930 8FB7: cjne  a,#$FF,$8FAD
CYC=1932 8FAD: clr   a
CYC=1933 8FAE: inc   dptr
CYC=1935 8FAF: movx  @dptr,a
[:maincpu] ':maincpu' (8FB0): unmapped xdata memory write to 036F = 00 & FF
CYC=1937 8FB0: mov   a,dph
CYC=1938 8FB2: cjne  a,#$03,$8FAD
CYC=1940 8FB5: mov   a,dpl
CYC=1941 8FB7: cjne  a,#$FF,$8FAD
CYC=1943 8FAD: clr   a
CYC=1944 8FAE: inc   dptr
CYC=1946 8FAF: movx  @dptr,a
[:maincpu] ':maincpu' (8FB0): unmapped xdata memory write to 0370 = 00 & FF
CYC=1948 8FB0: mov   a,dph
CYC=1949 8FB2: cjne  a,#$03,$8FAD
CYC=1951 8FB5: mov   a,dpl
CYC=1952 8FB7: cjne  a,#$FF,$8FAD
CYC=1954 8FAD: clr   a
CYC=1955 8FAE: inc   dptr
CYC=1957 8FAF: movx  @dptr,a
[:maincpu] ':maincpu' (8FB0): unmapped xdata memory write to 0371 = 00 & FF
CYC=1959 8FB0: mov   a,dph
CYC=1960 8FB2: cjne  a,#$03,$8FAD
CYC=1962 8FB5: mov   a,dpl
CYC=1963 8FB7: cjne  a,#$FF,$8FAD
CYC=1965 8FAD: clr   a
CYC=1966 8FAE: inc   dptr
CYC=1968 8FAF: movx  @dptr,a
[:maincpu] ':maincpu' (8FB0): unmapped xdata memory write to 0372 = 00 & FF
CYC=1970 8FB0: mov   a,dph
CYC=1971 8FB2: cjne  a,#$03,$8FAD
CYC=1973 8FB5: mov   a,dpl
CYC=1974 8FB7: cjne  a,#$FF,$8FAD
CYC=1976 8FAD: clr   a
CYC=1977 8FAE: inc   dptr
CYC=1979 8FAF: movx  @dptr,a
[:maincpu] ':maincpu' (8FB0): unmapped xdata memory write to 0373 = 00 & FF
CYC=1981 8FB0: mov   a,dph
CYC=1982 8FB2: cjne  a,#$03,$8FAD
CYC=1984 8FB5: mov   a,dpl
CYC=1985 8FB7: cjne  a,#$FF,$8FAD
CYC=1987 8FAD: clr   a
CYC=1988 8FAE: inc   dptr
CYC=1990 8FAF: movx  @dptr,a
[:maincpu] ':maincpu' (8FB0): unmapped xdata memory write to 0374 = 00 & FF
CYC=1992 8FB0: mov   a,dph
CYC=1993 8FB2: cjne  a,#$03,$8FAD
CYC=1995 8FB5: mov   a,dpl
CYC=1996 8FB7: cjne  a,#$FF,$8FAD
CYC=1998 8FAD: clr   a
CYC=1999 8FAE: inc   dptr
CYC=2001 8FAF: movx  @dptr,a
[:maincpu] ':maincpu' (8FB0): unmapped xdata memory write to 0375 = 00 & FF
CYC=2003 8FB0: mov   a,dph
CYC=2004 8FB2: cjne  a,#$03,$8FAD
CYC=2006 8FB5: mov   a,dpl
CYC=2007 8FB7: cjne  a,#$FF,$8FAD
CYC=2009 8FAD: clr   a
CYC=2010 8FAE: inc   dptr
CYC=2012 8FAF: movx  @dptr,a
[:maincpu] ':maincpu' (8FB0): unmapped xdata memory write to 0376 = 00 & FF
CYC=2014 8FB0: mov   a,dph
CYC=2015 8FB2: cjne  a,#$03,$8FAD
CYC=2017 8FB5: mov   a,dpl
CYC=2018 8FB7: cjne  a,#$FF,$8FAD
CYC=2020 8FAD: clr   a
CYC=2021 8FAE: inc   dptr
CYC=2023 8FAF: movx  @dptr,a
[:maincpu] ':maincpu' (8FB0): unmapped xdata memory write to 0377 = 00 & FF
CYC=2025 8FB0: mov   a,dph
CYC=2026 8FB2: cjne  a,#$03,$8FAD
CYC=2028 8FB5: mov   a,dpl
CYC=2029 8FB7: cjne  a,#$FF,$8FAD
CYC=2031 8FAD: clr   a
CYC=2032 8FAE: inc   dptr
CYC=2034 8FAF: movx  @dptr,a
[:maincpu] ':maincpu' (8FB0): unmapped xdata memory write to 0378 = 00 & FF
CYC=2036 8FB0: mov   a,dph
CYC=2037 8FB2: cjne  a,#$03,$8FAD
CYC=2039 8FB5: mov   a,dpl
CYC=2040 8FB7: cjne  a,#$FF,$8FAD
CYC=2042 8FAD: clr   a
CYC=2043 8FAE: inc   dptr
CYC=2045 8FAF: movx  @dptr,a
[:maincpu] ':maincpu' (8FB0): unmapped xdata memory write to 0379 = 00 & FF
CYC=2047 8FB0: mov   a,dph
CYC=2048 8FB2: cjne  a,#$03,$8FAD
CYC=2050 8FB5: mov   a,dpl
CYC=2051 8FB7: cjne  a,#$FF,$8FAD
CYC=2053 8FAD: clr   a
CYC=2054 8FAE: inc   dptr
CYC=2056 8FAF: movx  @dptr,a
[:maincpu] ':maincpu' (8FB0): unmapped xdata memory write to 037A = 00 & FF
CYC=2058 8FB0: mov   a,dph
CYC=2059 8FB2: cjne  a,#$03,$8FAD
CYC=2061 8FB5: mov   a,dpl
CYC=2062 8FB7: cjne  a,#$FF,$8FAD
CYC=2064 8FAD: clr   a
CYC=2065 8FAE: inc   dptr
CYC=2067 8FAF: movx  @dptr,a
[:maincpu] ':maincpu' (8FB0): unmapped xdata memory write to 037B = 00 & FF
CYC=2069 8FB0: mov   a,dph
CYC=2070 8FB2: cjne  a,#$03,$8FAD
CYC=2072 8FB5: mov   a,dpl
CYC=2073 8FB7: cjne  a,#$FF,$8FAD
CYC=2075 8FAD: clr   a
CYC=2076 8FAE: inc   dptr
CYC=2078 8FAF: movx  @dptr,a
[:maincpu] ':maincpu' (8FB0): unmapped xdata memory write to 037C = 00 & FF
CYC=2080 8FB0: mov   a,dph
CYC=2081 8FB2: cjne  a,#$03,$8FAD
CYC=2083 8FB5: mov   a,dpl
CYC=2084 8FB7: cjne  a,#$FF,$8FAD
CYC=2086 8FAD: clr   a
CYC=2087 8FAE: inc   dptr
CYC=2089 8FAF: movx  @dptr,a
[:maincpu] ':maincpu' (8FB0): unmapped xdata memory write to 037D = 00 & FF
CYC=2091 8FB0: mov   a,dph
CYC=2092 8FB2: cjne  a,#$03,$8FAD
CYC=2094 8FB5: mov   a,dpl
CYC=2095 8FB7: cjne  a,#$FF,$8FAD
CYC=2097 8FAD: clr   a
CYC=2098 8FAE: inc   dptr
CYC=2100 8FAF: movx  @dptr,a
[:maincpu] ':maincpu' (8FB0): unmapped xdata memory write to 037E = 00 & FF
CYC=2102 8FB0: mov   a,dph
CYC=2103 8FB2: cjne  a,#$03,$8FAD
CYC=2105 8FB5: mov   a,dpl
CYC=2106 8FB7: cjne  a,#$FF,$8FAD
CYC=2108 8FAD: clr   a
CYC=2109 8FAE: inc   dptr
CYC=2111 8FAF: movx  @dptr,a
[:maincpu] ':maincpu' (8FB0): unmapped xdata memory write to 037F = 00 & FF
CYC=2113 8FB0: mov   a,dph
CYC=2114 8FB2: cjne  a,#$03,$8FAD
CYC=2116 8FB5: mov   a,dpl
CYC=2117 8FB7: cjne  a,#$FF,$8FAD
CYC=2119 8FAD: clr   a
CYC=2120 8FAE: inc   dptr
CYC=2122 8FAF: movx  @dptr,a
[:maincpu] ':maincpu' (8FB0): unmapped xdata memory write to 0380 = 00 & FF
CYC=2124 8FB0: mov   a,dph
CYC=2125 8FB2: cjne  a,#$03,$8FAD
CYC=2127 8FB5: mov   a,dpl
CYC=2128 8FB7: cjne  a,#$FF,$8FAD
CYC=2130 8FAD: clr   a
CYC=2131 8FAE: inc   dptr
CYC=2133 8FAF: movx  @dptr,a
[:maincpu] ':maincpu' (8FB0): unmapped xdata memory write to 0381 = 00 & FF
CYC=2135 8FB0: mov   a,dph
CYC=2136 8FB2: cjne  a,#$03,$8FAD
CYC=2138 8FB5: mov   a,dpl
CYC=2139 8FB7: cjne  a,#$FF,$8FAD
CYC=2141 8FAD: clr   a
CYC=2142 8FAE: inc   dptr
CYC=2144 8FAF: movx  @dptr,a
[:maincpu] ':maincpu' (8FB0): unmapped xdata memory write to 0382 = 00 & FF
CYC=2146 8FB0: mov   a,dph
CYC=2147 8FB2: cjne  a,#$03,$8FAD
CYC=2149 8FB5: mov   a,dpl
CYC=2150 8FB7: cjne  a,#$FF,$8FAD
CYC=2152 8FAD: clr   a
CYC=2153 8FAE: inc   dptr
CYC=2155 8FAF: movx  @dptr,a
[:maincpu] ':maincpu' (8FB0): unmapped xdata memory write to 0383 = 00 & FF
CYC=2157 8FB0: mov   a,dph
CYC=2158 8FB2: cjne  a,#$03,$8FAD
CYC=2160 8FB5: mov   a,dpl
CYC=2161 8FB7: cjne  a,#$FF,$8FAD
CYC=2163 8FAD: clr   a
CYC=2164 8FAE: inc   dptr
CYC=2166 8FAF: movx  @dptr,a
[:maincpu] ':maincpu' (8FB0): unmapped xdata memory write to 0384 = 00 & FF
CYC=2168 8FB0: mov   a,dph
CYC=2169 8FB2: cjne  a,#$03,$8FAD
CYC=2171 8FB5: mov   a,dpl
CYC=2172 8FB7: cjne  a,#$FF,$8FAD
CYC=2174 8FAD: clr   a
CYC=2175 8FAE: inc   dptr
CYC=2177 8FAF: movx  @dptr,a
[:maincpu] ':maincpu' (8FB0): unmapped xdata memory write to 0385 = 00 & FF
CYC=2179 8FB0: mov   a,dph
CYC=2180 8FB2: cjne  a,#$03,$8FAD
CYC=2182 8FB5: mov   a,dpl
CYC=2183 8FB7: cjne  a,#$FF,$8FAD
CYC=2185 8FAD: clr   a
CYC=2186 8FAE: inc   dptr
CYC=2188 8FAF: movx  @dptr,a
[:maincpu] ':maincpu' (8FB0): unmapped xdata memory write to 0386 = 00 & FF
CYC=2190 8FB0: mov   a,dph
CYC=2191 8FB2: cjne  a,#$03,$8FAD
CYC=2193 8FB5: mov   a,dpl
CYC=2194 8FB7: cjne  a,#$FF,$8FAD
CYC=2196 8FAD: clr   a
CYC=2197 8FAE: inc   dptr
CYC=2199 8FAF: movx  @dptr,a
[:maincpu] ':maincpu' (8FB0): unmapped xdata memory write to 0387 = 00 & FF
CYC=2201 8FB0: mov   a,dph
CYC=2202 8FB2: cjne  a,#$03,$8FAD
CYC=2204 8FB5: mov   a,dpl
CYC=2205 8FB7: cjne  a,#$FF,$8FAD
CYC=2207 8FAD: clr   a
CYC=2208 8FAE: inc   dptr
CYC=2210 8FAF: movx  @dptr,a
[:maincpu] ':maincpu' (8FB0): unmapped xdata memory write to 0388 = 00 & FF
CYC=2212 8FB0: mov   a,dph
CYC=2213 8FB2: cjne  a,#$03,$8FAD
CYC=2215 8FB5: mov   a,dpl
CYC=2216 8FB7: cjne  a,#$FF,$8FAD
CYC=2218 8FAD: clr   a
CYC=2219 8FAE: inc   dptr
CYC=2221 8FAF: movx  @dptr,a
[:maincpu] ':maincpu' (8FB0): unmapped xdata memory write to 0389 = 00 & FF
CYC=2223 8FB0: mov   a,dph
CYC=2224 8FB2: cjne  a,#$03,$8FAD
CYC=2226 8FB5: mov   a,dpl
CYC=2227 8FB7: cjne  a,#$FF,$8FAD
CYC=2229 8FAD: clr   a
CYC=2230 8FAE: inc   dptr
CYC=2232 8FAF: movx  @dptr,a
[:maincpu] ':maincpu' (8FB0): unmapped xdata memory write to 038A = 00 & FF
CYC=2234 8FB0: mov   a,dph
CYC=2235 8FB2: cjne  a,#$03,$8FAD
CYC=2237 8FB5: mov   a,dpl
CYC=2238 8FB7: cjne  a,#$FF,$8FAD
CYC=2240 8FAD: clr   a
CYC=2241 8FAE: inc   dptr
CYC=2243 8FAF: movx  @dptr,a
[:maincpu] ':maincpu' (8FB0): unmapped xdata memory write to 038B = 00 & FF
CYC=2245 8FB0: mov   a,dph
CYC=2246 8FB2: cjne  a,#$03,$8FAD
CYC=2248 8FB5: mov   a,dpl
CYC=2249 8FB7: cjne  a,#$FF,$8FAD
CYC=2251 8FAD: clr   a
CYC=2252 8FAE: inc   dptr
CYC=2254 8FAF: movx  @dptr,a
[:maincpu] ':maincpu' (8FB0): unmapped xdata memory write to 038C = 00 & FF
CYC=2256 8FB0: mov   a,dph
CYC=2257 8FB2: cjne  a,#$03,$8FAD
CYC=2259 8FB5: mov   a,dpl
CYC=2260 8FB7: cjne  a,#$FF,$8FAD
CYC=2262 8FAD: clr   a
CYC=2263 8FAE: inc   dptr
CYC=2265 8FAF: movx  @dptr,a
[:maincpu] ':maincpu' (8FB0): unmapped xdata memory write to 038D = 00 & FF
CYC=2267 8FB0: mov   a,dph
CYC=2268 8FB2: cjne  a,#$03,$8FAD
CYC=2270 8FB5: mov   a,dpl
CYC=2271 8FB7: cjne  a,#$FF,$8FAD
CYC=2273 8FAD: clr   a
CYC=2274 8FAE: inc   dptr
CYC=2276 8FAF: movx  @dptr,a
[:maincpu] ':maincpu' (8FB0): unmapped xdata memory write to 038E = 00 & FF
CYC=2278 8FB0: mov   a,dph
CYC=2279 8FB2: cjne  a,#$03,$8FAD
CYC=2281 8FB5: mov   a,dpl
CYC=2282 8FB7: cjne  a,#$FF,$8FAD
CYC=2284 8FAD: clr   a
CYC=2285 8FAE: inc   dptr
CYC=2287 8FAF: movx  @dptr,a
[:maincpu] ':maincpu' (8FB0): unmapped xdata memory write to 038F = 00 & FF
CYC=2289 8FB0: mov   a,dph
CYC=2290 8FB2: cjne  a,#$03,$8FAD
CYC=2292 8FB5: mov   a,dpl
CYC=2293 8FB7: cjne  a,#$FF,$8FAD
CYC=2295 8FAD: clr   a
CYC=2296 8FAE: inc   dptr
CYC=2298 8FAF: movx  @dptr,a
[:maincpu] ':maincpu' (8FB0): unmapped xdata memory write to 0390 = 00 & FF
CYC=2300 8FB0: mov   a,dph
CYC=2301 8FB2: cjne  a,#$03,$8FAD
CYC=2303 8FB5: mov   a,dpl
CYC=2304 8FB7: cjne  a,#$FF,$8FAD
CYC=2306 8FAD: clr   a
CYC=2307 8FAE: inc   dptr
CYC=2309 8FAF: movx  @dptr,a
[:maincpu] ':maincpu' (8FB0): unmapped xdata memory write to 0391 = 00 & FF
CYC=2311 8FB0: mov   a,dph
CYC=2312 8FB2: cjne  a,#$03,$8FAD
CYC=2314 8FB5: mov   a,dpl
CYC=2315 8FB7: cjne  a,#$FF,$8FAD
CYC=2317 8FAD: clr   a
CYC=2318 8FAE: inc   dptr
CYC=2320 8FAF: movx  @dptr,a
[:maincpu] ':maincpu' (8FB0): unmapped xdata memory write to 0392 = 00 & FF
CYC=2322 8FB0: mov   a,dph
CYC=2323 8FB2: cjne  a,#$03,$8FAD
CYC=2325 8FB5: mov   a,dpl
CYC=2326 8FB7: cjne  a,#$FF,$8FAD
CYC=2328 8FAD: clr   a
CYC=2329 8FAE: inc   dptr
CYC=2331 8FAF: movx  @dptr,a
[:maincpu] ':maincpu' (8FB0): unmapped xdata memory write to 0393 = 00 & FF
CYC=2333 8FB0: mov   a,dph
CYC=2334 8FB2: cjne  a,#$03,$8FAD
CYC=2336 8FB5: mov   a,dpl
CYC=2337 8FB7: cjne  a,#$FF,$8FAD
CYC=2339 8FAD: clr   a
CYC=2340 8FAE: inc   dptr
CYC=2342 8FAF: movx  @dptr,a
[:maincpu] ':maincpu' (8FB0): unmapped xdata memory write to 0394 = 00 & FF
CYC=2344 8FB0: mov   a,dph
CYC=2345 8FB2: cjne  a,#$03,$8FAD
CYC=2347 8FB5: mov   a,dpl
CYC=2348 8FB7: cjne  a,#$FF,$8FAD
CYC=2350 8FAD: clr   a
CYC=2351 8FAE: inc   dptr
CYC=2353 8FAF: movx  @dptr,a
[:maincpu] ':maincpu' (8FB0): unmapped xdata memory write to 0395 = 00 & FF
CYC=2355 8FB0: mov   a,dph
CYC=2356 8FB2: cjne  a,#$03,$8FAD
CYC=2358 8FB5: mov   a,dpl
CYC=2359 8FB7: cjne  a,#$FF,$8FAD
CYC=2361 8FAD: clr   a
CYC=2362 8FAE: inc   dptr
CYC=2364 8FAF: movx  @dptr,a
[:maincpu] ':maincpu' (8FB0): unmapped xdata memory write to 0396 = 00 & FF
CYC=2366 8FB0: mov   a,dph
CYC=2367 8FB2: cjne  a,#$03,$8FAD
CYC=2369 8FB5: mov   a,dpl
CYC=2370 8FB7: cjne  a,#$FF,$8FAD
CYC=2372 8FAD: clr   a
CYC=2373 8FAE: inc   dptr
CYC=2375 8FAF: movx  @dptr,a
[:maincpu] ':maincpu' (8FB0): unmapped xdata memory write to 0397 = 00 & FF
CYC=2377 8FB0: mov   a,dph
CYC=2378 8FB2: cjne  a,#$03,$8FAD
CYC=2380 8FB5: mov   a,dpl
CYC=2381 8FB7: cjne  a,#$FF,$8FAD
CYC=2383 8FAD: clr   a
CYC=2384 8FAE: inc   dptr
CYC=2386 8FAF: movx  @dptr,a
[:maincpu] ':maincpu' (8FB0): unmapped xdata memory write to 0398 = 00 & FF
CYC=2388 8FB0: mov   a,dph
CYC=2389 8FB2: cjne  a,#$03,$8FAD
CYC=2391 8FB5: mov   a,dpl
CYC=2392 8FB7: cjne  a,#$FF,$8FAD
CYC=2394 8FAD: clr   a
CYC=2395 8FAE: inc   dptr
CYC=2397 8FAF: movx  @dptr,a
[:maincpu] ':maincpu' (8FB0): unmapped xdata memory write to 0399 = 00 & FF
CYC=2399 8FB0: mov   a,dph
CYC=2400 8FB2: cjne  a,#$03,$8FAD
CYC=2402 8FB5: mov   a,dpl
CYC=2403 8FB7: cjne  a,#$FF,$8FAD
CYC=2405 8FAD: clr   a
CYC=2406 8FAE: inc   dptr
CYC=2408 8FAF: movx  @dptr,a
[:maincpu] ':maincpu' (8FB0): unmapped xdata memory write to 039A = 00 & FF
CYC=2410 8FB0: mov   a,dph
CYC=2411 8FB2: cjne  a,#$03,$8FAD
CYC=2413 8FB5: mov   a,dpl
CYC=2414 8FB7: cjne  a,#$FF,$8FAD
CYC=2416 8FAD: clr   a
CYC=2417 8FAE: inc   dptr
CYC=2419 8FAF: movx  @dptr,a
[:maincpu] ':maincpu' (8FB0): unmapped xdata memory write to 039B = 00 & FF
CYC=2421 8FB0: mov   a,dph
CYC=2422 8FB2: cjne  a,#$03,$8FAD
CYC=2424 8FB5: mov   a,dpl
CYC=2425 8FB7: cjne  a,#$FF,$8FAD
CYC=2427 8FAD: clr   a
CYC=2428 8FAE: inc   dptr
CYC=2430 8FAF: movx  @dptr,a
[:maincpu] ':maincpu' (8FB0): unmapped xdata memory write to 039C = 00 & FF
CYC=2432 8FB0: mov   a,dph
CYC=2433 8FB2: cjne  a,#$03,$8FAD
CYC=2435 8FB5: mov   a,dpl
CYC=2436 8FB7: cjne  a,#$FF,$8FAD
CYC=2438 8FAD: clr   a
CYC=2439 8FAE: inc   dptr
CYC=2441 8FAF: movx  @dptr,a
[:maincpu] ':maincpu' (8FB0): unmapped xdata memory write to 039D = 00 & FF
CYC=2443 8FB0: mov   a,dph
CYC=2444 8FB2: cjne  a,#$03,$8FAD
CYC=2446 8FB5: mov   a,dpl
CYC=2447 8FB7: cjne  a,#$FF,$8FAD
CYC=2449 8FAD: clr   a
CYC=2450 8FAE: inc   dptr
CYC=2452 8FAF: movx  @dptr,a
[:maincpu] ':maincpu' (8FB0): unmapped xdata memory write to 039E = 00 & FF
CYC=2454 8FB0: mov   a,dph
CYC=2455 8FB2: cjne  a,#$03,$8FAD
CYC=2457 8FB5: mov   a,dpl
CYC=2458 8FB7: cjne  a,#$FF,$8FAD
CYC=2460 8FAD: clr   a
CYC=2461 8FAE: inc   dptr
CYC=2463 8FAF: movx  @dptr,a
[:maincpu] ':maincpu' (8FB0): unmapped xdata memory write to 039F = 00 & FF
CYC=2465 8FB0: mov   a,dph
CYC=2466 8FB2: cjne  a,#$03,$8FAD
CYC=2468 8FB5: mov   a,dpl
CYC=2469 8FB7: cjne  a,#$FF,$8FAD
CYC=2471 8FAD: clr   a
CYC=2472 8FAE: inc   dptr
CYC=2474 8FAF: movx  @dptr,a
[:maincpu] ':maincpu' (8FB0): unmapped xdata memory write to 03A0 = 00 & FF
CYC=2476 8FB0: mov   a,dph
CYC=2477 8FB2: cjne  a,#$03,$8FAD
CYC=2479 8FB5: mov   a,dpl
CYC=2480 8FB7: cjne  a,#$FF,$8FAD
CYC=2482 8FAD: clr   a
CYC=2483 8FAE: inc   dptr
CYC=2485 8FAF: movx  @dptr,a
[:maincpu] ':maincpu' (8FB0): unmapped xdata memory write to 03A1 = 00 & FF
CYC=2487 8FB0: mov   a,dph
CYC=2488 8FB2: cjne  a,#$03,$8FAD
CYC=2490 8FB5: mov   a,dpl
CYC=2491 8FB7: cjne  a,#$FF,$8FAD
CYC=2493 8FAD: clr   a
CYC=2494 8FAE: inc   dptr
CYC=2496 8FAF: movx  @dptr,a
[:maincpu] ':maincpu' (8FB0): unmapped xdata memory write to 03A2 = 00 & FF
CYC=2498 8FB0: mov   a,dph
CYC=2499 8FB2: cjne  a,#$03,$8FAD
CYC=2501 8FB5: mov   a,dpl
CYC=2502 8FB7: cjne  a,#$FF,$8FAD
CYC=2504 8FAD: clr   a
CYC=2505 8FAE: inc   dptr
CYC=2507 8FAF: movx  @dptr,a
[:maincpu] ':maincpu' (8FB0): unmapped xdata memory write to 03A3 = 00 & FF
CYC=2509 8FB0: mov   a,dph
CYC=2510 8FB2: cjne  a,#$03,$8FAD
CYC=2512 8FB5: mov   a,dpl
CYC=2513 8FB7: cjne  a,#$FF,$8FAD
CYC=2515 8FAD: clr   a
CYC=2516 8FAE: inc   dptr
CYC=2518 8FAF: movx  @dptr,a
[:maincpu] ':maincpu' (8FB0): unmapped xdata memory write to 03A4 = 00 & FF
CYC=2520 8FB0: mov   a,dph
CYC=2521 8FB2: cjne  a,#$03,$8FAD
CYC=2523 8FB5: mov   a,dpl
CYC=2524 8FB7: cjne  a,#$FF,$8FAD
CYC=2526 8FAD: clr   a
CYC=2527 8FAE: inc   dptr
CYC=2529 8FAF: movx  @dptr,a
[:maincpu] ':maincpu' (8FB0): unmapped xdata memory write to 03A5 = 00 & FF
CYC=2531 8FB0: mov   a,dph
CYC=2532 8FB2: cjne  a,#$03,$8FAD
CYC=2534 8FB5: mov   a,dpl
CYC=2535 8FB7: cjne  a,#$FF,$8FAD
CYC=2537 8FAD: clr   a
CYC=2538 8FAE: inc   dptr
CYC=2540 8FAF: movx  @dptr,a
[:maincpu] ':maincpu' (8FB0): unmapped xdata memory write to 03A6 = 00 & FF
CYC=2542 8FB0: mov   a,dph
CYC=2543 8FB2: cjne  a,#$03,$8FAD
CYC=2545 8FB5: mov   a,dpl
CYC=2546 8FB7: cjne  a,#$FF,$8FAD
CYC=2548 8FAD: clr   a
CYC=2549 8FAE: inc   dptr
CYC=2551 8FAF: movx  @dptr,a
[:maincpu] ':maincpu' (8FB0): unmapped xdata memory write to 03A7 = 00 & FF
CYC=2553 8FB0: mov   a,dph
CYC=2554 8FB2: cjne  a,#$03,$8FAD
CYC=2556 8FB5: mov   a,dpl
CYC=2557 8FB7: cjne  a,#$FF,$8FAD
CYC=2559 8FAD: clr   a
CYC=2560 8FAE: inc   dptr
CYC=2562 8FAF: movx  @dptr,a
[:maincpu] ':maincpu' (8FB0): unmapped xdata memory write to 03A8 = 00 & FF
CYC=2564 8FB0: mov   a,dph
CYC=2565 8FB2: cjne  a,#$03,$8FAD
CYC=2567 8FB5: mov   a,dpl
CYC=2568 8FB7: cjne  a,#$FF,$8FAD
CYC=2570 8FAD: clr   a
CYC=2571 8FAE: inc   dptr
CYC=2573 8FAF: movx  @dptr,a
[:maincpu] ':maincpu' (8FB0): unmapped xdata memory write to 03A9 = 00 & FF
CYC=2575 8FB0: mov   a,dph
CYC=2576 8FB2: cjne  a,#$03,$8FAD
CYC=2578 8FB5: mov   a,dpl
CYC=2579 8FB7: cjne  a,#$FF,$8FAD
CYC=2581 8FAD: clr   a
CYC=2582 8FAE: inc   dptr
CYC=2584 8FAF: movx  @dptr,a
[:maincpu] ':maincpu' (8FB0): unmapped xdata memory write to 03AA = 00 & FF
CYC=2586 8FB0: mov   a,dph
CYC=2587 8FB2: cjne  a,#$03,$8FAD
CYC=2589 8FB5: mov   a,dpl
CYC=2590 8FB7: cjne  a,#$FF,$8FAD
CYC=2592 8FAD: clr   a
CYC=2593 8FAE: inc   dptr
CYC=2595 8FAF: movx  @dptr,a
[:maincpu] ':maincpu' (8FB0): unmapped xdata memory write to 03AB = 00 & FF
CYC=2597 8FB0: mov   a,dph
CYC=2598 8FB2: cjne  a,#$03,$8FAD
CYC=2600 8FB5: mov   a,dpl
CYC=2601 8FB7: cjne  a,#$FF,$8FAD
CYC=2603 8FAD: clr   a
CYC=2604 8FAE: inc   dptr
CYC=2606 8FAF: movx  @dptr,a
[:maincpu] ':maincpu' (8FB0): unmapped xdata memory write to 03AC = 00 & FF
CYC=2608 8FB0: mov   a,dph
CYC=2609 8FB2: cjne  a,#$03,$8FAD
CYC=2611 8FB5: mov   a,dpl
CYC=2612 8FB7: cjne  a,#$FF,$8FAD
CYC=2614 8FAD: clr   a
CYC=2615 8FAE: inc   dptr
CYC=2617 8FAF: movx  @dptr,a
[:maincpu] ':maincpu' (8FB0): unmapped xdata memory write to 03AD = 00 & FF
CYC=2619 8FB0: mov   a,dph
CYC=2620 8FB2: cjne  a,#$03,$8FAD
CYC=2622 8FB5: mov   a,dpl
CYC=2623 8FB7: cjne  a,#$FF,$8FAD
CYC=2625 8FAD: clr   a
CYC=2626 8FAE: inc   dptr
CYC=2628 8FAF: movx  @dptr,a
[:maincpu] ':maincpu' (8FB0): unmapped xdata memory write to 03AE = 00 & FF
CYC=2630 8FB0: mov   a,dph
CYC=2631 8FB2: cjne  a,#$03,$8FAD
CYC=2633 8FB5: mov   a,dpl
CYC=2634 8FB7: cjne  a,#$FF,$8FAD
CYC=2636 8FAD: clr   a
CYC=2637 8FAE: inc   dptr
CYC=2639 8FAF: movx  @dptr,a
[:maincpu] ':maincpu' (8FB0): unmapped xdata memory write to 03AF = 00 & FF
CYC=2641 8FB0: mov   a,dph
CYC=2642 8FB2: cjne  a,#$03,$8FAD
CYC=2644 8FB5: mov   a,dpl
CYC=2645 8FB7: cjne  a,#$FF,$8FAD
CYC=2647 8FAD: clr   a
CYC=2648 8FAE: inc   dptr
CYC=2650 8FAF: movx  @dptr,a
[:maincpu] ':maincpu' (8FB0): unmapped xdata memory write to 03B0 = 00 & FF
CYC=2652 8FB0: mov   a,dph
CYC=2653 8FB2: cjne  a,#$03,$8FAD
CYC=2655 8FB5: mov   a,dpl
CYC=2656 8FB7: cjne  a,#$FF,$8FAD
CYC=2658 8FAD: clr   a
CYC=2659 8FAE: inc   dptr
CYC=2661 8FAF: movx  @dptr,a
[:maincpu] ':maincpu' (8FB0): unmapped xdata memory write to 03B1 = 00 & FF
CYC=2663 8FB0: mov   a,dph
CYC=2664 8FB2: cjne  a,#$03,$8FAD
CYC=2666 8FB5: mov   a,dpl
CYC=2667 8FB7: cjne  a,#$FF,$8FAD
CYC=2669 8FAD: clr   a
CYC=2670 8FAE: inc   dptr
CYC=2672 8FAF: movx  @dptr,a
[:maincpu] ':maincpu' (8FB0): unmapped xdata memory write to 03B2 = 00 & FF
CYC=2674 8FB0: mov   a,dph
CYC=2675 8FB2: cjne  a,#$03,$8FAD
CYC=2677 8FB5: mov   a,dpl
CYC=2678 8FB7: cjne  a,#$FF,$8FAD
CYC=2680 8FAD: clr   a
CYC=2681 8FAE: inc   dptr
CYC=2683 8FAF: movx  @dptr,a
[:maincpu] ':maincpu' (8FB0): unmapped xdata memory write to 03B3 = 00 & FF
CYC=2685 8FB0: mov   a,dph
CYC=2686 8FB2: cjne  a,#$03,$8FAD
CYC=2688 8FB5: mov   a,dpl
CYC=2689 8FB7: cjne  a,#$FF,$8FAD
CYC=2691 8FAD: clr   a
CYC=2692 8FAE: inc   dptr
CYC=2694 8FAF: movx  @dptr,a
[:maincpu] ':maincpu' (8FB0): unmapped xdata memory write to 03B4 = 00 & FF
CYC=2696 8FB0: mov   a,dph
CYC=2697 8FB2: cjne  a,#$03,$8FAD
CYC=2699 8FB5: mov   a,dpl
CYC=2700 8FB7: cjne  a,#$FF,$8FAD
CYC=2702 8FAD: clr   a
CYC=2703 8FAE: inc   dptr
CYC=2705 8FAF: movx  @dptr,a
[:maincpu] ':maincpu' (8FB0): unmapped xdata memory write to 03B5 = 00 & FF
CYC=2707 8FB0: mov   a,dph
CYC=2708 8FB2: cjne  a,#$03,$8FAD
CYC=2710 8FB5: mov   a,dpl
CYC=2711 8FB7: cjne  a,#$FF,$8FAD
CYC=2713 8FAD: clr   a
CYC=2714 8FAE: inc   dptr
CYC=2716 8FAF: movx  @dptr,a
[:maincpu] ':maincpu' (8FB0): unmapped xdata memory write to 03B6 = 00 & FF
CYC=2718 8FB0: mov   a,dph
CYC=2719 8FB2: cjne  a,#$03,$8FAD
CYC=2721 8FB5: mov   a,dpl
CYC=2722 8FB7: cjne  a,#$FF,$8FAD
CYC=2724 8FAD: clr   a
CYC=2725 8FAE: inc   dptr
CYC=2727 8FAF: movx  @dptr,a
[:maincpu] ':maincpu' (8FB0): unmapped xdata memory write to 03B7 = 00 & FF
CYC=2729 8FB0: mov   a,dph
CYC=2730 8FB2: cjne  a,#$03,$8FAD
CYC=2732 8FB5: mov   a,dpl
CYC=2733 8FB7: cjne  a,#$FF,$8FAD
CYC=2735 8FAD: clr   a
CYC=2736 8FAE: inc   dptr
CYC=2738 8FAF: movx  @dptr,a
[:maincpu] ':maincpu' (8FB0): unmapped xdata memory write to 03B8 = 00 & FF
CYC=2740 8FB0: mov   a,dph
CYC=2741 8FB2: cjne  a,#$03,$8FAD
CYC=2743 8FB5: mov   a,dpl
CYC=2744 8FB7: cjne  a,#$FF,$8FAD
CYC=2746 8FAD: clr   a
CYC=2747 8FAE: inc   dptr
CYC=2749 8FAF: movx  @dptr,a
[:maincpu] ':maincpu' (8FB0): unmapped xdata memory write to 03B9 = 00 & FF
CYC=2751 8FB0: mov   a,dph
CYC=2752 8FB2: cjne  a,#$03,$8FAD
CYC=2754 8FB5: mov   a,dpl
CYC=2755 8FB7: cjne  a,#$FF,$8FAD
CYC=2757 8FAD: clr   a
CYC=2758 8FAE: inc   dptr
CYC=2760 8FAF: movx  @dptr,a
[:maincpu] ':maincpu' (8FB0): unmapped xdata memory write to 03BA = 00 & FF
CYC=2762 8FB0: mov   a,dph
CYC=2763 8FB2: cjne  a,#$03,$8FAD
CYC=2765 8FB5: mov   a,dpl
CYC=2766 8FB7: cjne  a,#$FF,$8FAD
CYC=2768 8FAD: clr   a
CYC=2769 8FAE: inc   dptr
CYC=2771 8FAF: movx  @dptr,a
[:maincpu] ':maincpu' (8FB0): unmapped xdata memory write to 03BB = 00 & FF
CYC=2773 8FB0: mov   a,dph
CYC=2774 8FB2: cjne  a,#$03,$8FAD
CYC=2776 8FB5: mov   a,dpl
CYC=2777 8FB7: cjne  a,#$FF,$8FAD
CYC=2779 8FAD: clr   a
CYC=2780 8FAE: inc   dptr
CYC=2782 8FAF: movx  @dptr,a
[:maincpu] ':maincpu' (8FB0): unmapped xdata memory write to 03BC = 00 & FF
CYC=2784 8FB0: mov   a,dph
CYC=2785 8FB2: cjne  a,#$03,$8FAD
CYC=2787 8FB5: mov   a,dpl
CYC=2788 8FB7: cjne  a,#$FF,$8FAD
CYC=2790 8FAD: clr   a
CYC=2791 8FAE: inc   dptr
CYC=2793 8FAF: movx  @dptr,a
[:maincpu] ':maincpu' (8FB0): unmapped xdata memory write to 03BD = 00 & FF
CYC=2795 8FB0: mov   a,dph
CYC=2796 8FB2: cjne  a,#$03,$8FAD
CYC=2798 8FB5: mov   a,dpl
CYC=2799 8FB7: cjne  a,#$FF,$8FAD
CYC=2801 8FAD: clr   a
CYC=2802 8FAE: inc   dptr
CYC=2804 8FAF: movx  @dptr,a
[:maincpu] ':maincpu' (8FB0): unmapped xdata memory write to 03BE = 00 & FF
CYC=2806 8FB0: mov   a,dph
CYC=2807 8FB2: cjne  a,#$03,$8FAD
CYC=2809 8FB5: mov   a,dpl
CYC=2810 8FB7: cjne  a,#$FF,$8FAD
CYC=2812 8FAD: clr   a
CYC=2813 8FAE: inc   dptr
CYC=2815 8FAF: movx  @dptr,a
[:maincpu] ':maincpu' (8FB0): unmapped xdata memory write to 03BF = 00 & FF
CYC=2817 8FB0: mov   a,dph
CYC=2818 8FB2: cjne  a,#$03,$8FAD
CYC=2820 8FB5: mov   a,dpl
CYC=2821 8FB7: cjne  a,#$FF,$8FAD
CYC=2823 8FAD: clr   a
CYC=2824 8FAE: inc   dptr
CYC=2826 8FAF: movx  @dptr,a
[:maincpu] ':maincpu' (8FB0): unmapped xdata memory write to 03C0 = 00 & FF
CYC=2828 8FB0: mov   a,dph
CYC=2829 8FB2: cjne  a,#$03,$8FAD
CYC=2831 8FB5: mov   a,dpl
CYC=2832 8FB7: cjne  a,#$FF,$8FAD
CYC=2834 8FAD: clr   a
CYC=2835 8FAE: inc   dptr
CYC=2837 8FAF: movx  @dptr,a
[:maincpu] ':maincpu' (8FB0): unmapped xdata memory write to 03C1 = 00 & FF
CYC=2839 8FB0: mov   a,dph
CYC=2840 8FB2: cjne  a,#$03,$8FAD
CYC=2842 8FB5: mov   a,dpl
CYC=2843 8FB7: cjne  a,#$FF,$8FAD
CYC=2845 8FAD: clr   a
CYC=2846 8FAE: inc   dptr
CYC=2848 8FAF: movx  @dptr,a
[:maincpu] ':maincpu' (8FB0): unmapped xdata memory write to 03C2 = 00 & FF
CYC=2850 8FB0: mov   a,dph
CYC=2851 8FB2: cjne  a,#$03,$8FAD
CYC=2853 8FB5: mov   a,dpl
CYC=2854 8FB7: cjne  a,#$FF,$8FAD
CYC=2856 8FAD: clr   a
CYC=2857 8FAE: inc   dptr
CYC=2859 8FAF: movx  @dptr,a
[:maincpu] ':maincpu' (8FB0): unmapped xdata memory write to 03C3 = 00 & FF
CYC=2861 8FB0: mov   a,dph
CYC=2862 8FB2: cjne  a,#$03,$8FAD
CYC=2864 8FB5: mov   a,dpl
CYC=2865 8FB7: cjne  a,#$FF,$8FAD
CYC=2867 8FAD: clr   a
CYC=2868 8FAE: inc   dptr
CYC=2870 8FAF: movx  @dptr,a
[:maincpu] ':maincpu' (8FB0): unmapped xdata memory write to 03C4 = 00 & FF
CYC=2872 8FB0: mov   a,dph
CYC=2873 8FB2: cjne  a,#$03,$8FAD
CYC=2875 8FB5: mov   a,dpl
CYC=2876 8FB7: cjne  a,#$FF,$8FAD
CYC=2878 8FAD: clr   a
CYC=2879 8FAE: inc   dptr
CYC=2881 8FAF: movx  @dptr,a
[:maincpu] ':maincpu' (8FB0): unmapped xdata memory write to 03C5 = 00 & FF
CYC=2883 8FB0: mov   a,dph
CYC=2884 8FB2: cjne  a,#$03,$8FAD
CYC=2886 8FB5: mov   a,dpl
CYC=2887 8FB7: cjne  a,#$FF,$8FAD
CYC=2889 8FAD: clr   a
CYC=2890 8FAE: inc   dptr
CYC=2892 8FAF: movx  @dptr,a
[:maincpu] ':maincpu' (8FB0): unmapped xdata memory write to 03C6 = 00 & FF
CYC=2894 8FB0: mov   a,dph
CYC=2895 8FB2: cjne  a,#$03,$8FAD
CYC=2897 8FB5: mov   a,dpl
CYC=2898 8FB7: cjne  a,#$FF,$8FAD
CYC=2900 8FAD: clr   a
CYC=2901 8FAE: inc   dptr
CYC=2903 8FAF: movx  @dptr,a
[:maincpu] ':maincpu' (8FB0): unmapped xdata memory write to 03C7 = 00 & FF
CYC=2905 8FB0: mov   a,dph
CYC=2906 8FB2: cjne  a,#$03,$8FAD
CYC=2908 8FB5: mov   a,dpl
CYC=2909 8FB7: cjne  a,#$FF,$8FAD
CYC=2911 8FAD: clr   a
CYC=2912 8FAE: inc   dptr
CYC=2914 8FAF: movx  @dptr,a
[:maincpu] ':maincpu' (8FB0): unmapped xdata memory write to 03C8 = 00 & FF
CYC=2916 8FB0: mov   a,dph
CYC=2917 8FB2: cjne  a,#$03,$8FAD
CYC=2919 8FB5: mov   a,dpl
CYC=2920 8FB7: cjne  a,#$FF,$8FAD
CYC=2922 8FAD: clr   a
CYC=2923 8FAE: inc   dptr
CYC=2925 8FAF: movx  @dptr,a
[:maincpu] ':maincpu' (8FB0): unmapped xdata memory write to 03C9 = 00 & FF
CYC=2927 8FB0: mov   a,dph
CYC=2928 8FB2: cjne  a,#$03,$8FAD
CYC=2930 8FB5: mov   a,dpl
CYC=2931 8FB7: cjne  a,#$FF,$8FAD
CYC=2933 8FAD: clr   a
CYC=2934 8FAE: inc   dptr
CYC=2936 8FAF: movx  @dptr,a
[:maincpu] ':maincpu' (8FB0): unmapped xdata memory write to 03CA = 00 & FF
CYC=2938 8FB0: mov   a,dph
CYC=2939 8FB2: cjne  a,#$03,$8FAD
CYC=2941 8FB5: mov   a,dpl
CYC=2942 8FB7: cjne  a,#$FF,$8FAD
CYC=2944 8FAD: clr   a
CYC=2945 8FAE: inc   dptr
CYC=2947 8FAF: movx  @dptr,a
[:maincpu] ':maincpu' (8FB0): unmapped xdata memory write to 03CB = 00 & FF
CYC=2949 8FB0: mov   a,dph
CYC=2950 8FB2: cjne  a,#$03,$8FAD
CYC=2952 8FB5: mov   a,dpl
CYC=2953 8FB7: cjne  a,#$FF,$8FAD
CYC=2955 8FAD: clr   a
CYC=2956 8FAE: inc   dptr
CYC=2958 8FAF: movx  @dptr,a
[:maincpu] ':maincpu' (8FB0): unmapped xdata memory write to 03CC = 00 & FF
CYC=2960 8FB0: mov   a,dph
CYC=2961 8FB2: cjne  a,#$03,$8FAD
CYC=2963 8FB5: mov   a,dpl
CYC=2964 8FB7: cjne  a,#$FF,$8FAD
CYC=2966 8FAD: clr   a
CYC=2967 8FAE: inc   dptr
CYC=2969 8FAF: movx  @dptr,a
[:maincpu] ':maincpu' (8FB0): unmapped xdata memory write to 03CD = 00 & FF
CYC=2971 8FB0: mov   a,dph
CYC=2972 8FB2: cjne  a,#$03,$8FAD
CYC=2974 8FB5: mov   a,dpl
CYC=2975 8FB7: cjne  a,#$FF,$8FAD
CYC=2977 8FAD: clr   a
CYC=2978 8FAE: inc   dptr
CYC=2980 8FAF: movx  @dptr,a
[:maincpu] ':maincpu' (8FB0): unmapped xdata memory write to 03CE = 00 & FF
CYC=2982 8FB0: mov   a,dph
CYC=2983 8FB2: cjne  a,#$03,$8FAD
CYC=2985 8FB5: mov   a,dpl
CYC=2986 8FB7: cjne  a,#$FF,$8FAD
CYC=2988 8FAD: clr   a
CYC=2989 8FAE: inc   dptr
CYC=2991 8FAF: movx  @dptr,a
[:maincpu] ':maincpu' (8FB0): unmapped xdata memory write to 03CF = 00 & FF
CYC=2993 8FB0: mov   a,dph
CYC=2994 8FB2: cjne  a,#$03,$8FAD
CYC=2996 8FB5: mov   a,dpl
CYC=2997 8FB7: cjne  a,#$FF,$8FAD
CYC=2999 8FAD: clr   a
CYC=3000 8FAE: inc   dptr
CYC=3002 8FAF: movx  @dptr,a
[:maincpu] ':maincpu' (8FB0): unmapped xdata memory write to 03D0 = 00 & FF
CYC=3004 8FB0: mov   a,dph
CYC=3005 8FB2: cjne  a,#$03,$8FAD
CYC=3007 8FB5: mov   a,dpl
CYC=3008 8FB7: cjne  a,#$FF,$8FAD
CYC=3010 8FAD: clr   a
CYC=3011 8FAE: inc   dptr
CYC=3013 8FAF: movx  @dptr,a
[:maincpu] ':maincpu' (8FB0): unmapped xdata memory write to 03D1 = 00 & FF
CYC=3015 8FB0: mov   a,dph
CYC=3016 8FB2: cjne  a,#$03,$8FAD
CYC=3018 8FB5: mov   a,dpl
CYC=3019 8FB7: cjne  a,#$FF,$8FAD
CYC=3021 8FAD: clr   a
CYC=3022 8FAE: inc   dptr
CYC=3024 8FAF: movx  @dptr,a
[:maincpu] ':maincpu' (8FB0): unmapped xdata memory write to 03D2 = 00 & FF
CYC=3026 8FB0: mov   a,dph
CYC=3027 8FB2: cjne  a,#$03,$8FAD
CYC=3029 8FB5: mov   a,dpl
CYC=3030 8FB7: cjne  a,#$FF,$8FAD
CYC=3032 8FAD: clr   a
CYC=3033 8FAE: inc   dptr
CYC=3035 8FAF: movx  @dptr,a
[:maincpu] ':maincpu' (8FB0): unmapped xdata memory write to 03D3 = 00 & FF
CYC=3037 8FB0: mov   a,dph
CYC=3038 8FB2: cjne  a,#$03,$8FAD
CYC=3040 8FB5: mov   a,dpl
CYC=3041 8FB7: cjne  a,#$FF,$8FAD
CYC=3043 8FAD: clr   a
CYC=3044 8FAE: inc   dptr
CYC=3046 8FAF: movx  @dptr,a
[:maincpu] ':maincpu' (8FB0): unmapped xdata memory write to 03D4 = 00 & FF
CYC=3048 8FB0: mov   a,dph
CYC=3049 8FB2: cjne  a,#$03,$8FAD
CYC=3051 8FB5: mov   a,dpl
CYC=3052 8FB7: cjne  a,#$FF,$8FAD
CYC=3054 8FAD: clr   a
CYC=3055 8FAE: inc   dptr
CYC=3057 8FAF: movx  @dptr,a
[:maincpu] ':maincpu' (8FB0): unmapped xdata memory write to 03D5 = 00 & FF
CYC=3059 8FB0: mov   a,dph
CYC=3060 8FB2: cjne  a,#$03,$8FAD
CYC=3062 8FB5: mov   a,dpl
CYC=3063 8FB7: cjne  a,#$FF,$8FAD
CYC=3065 8FAD: clr   a
CYC=3066 8FAE: inc   dptr
CYC=3068 8FAF: movx  @dptr,a
[:maincpu] ':maincpu' (8FB0): unmapped xdata memory write to 03D6 = 00 & FF
CYC=3070 8FB0: mov   a,dph
CYC=3071 8FB2: cjne  a,#$03,$8FAD
CYC=3073 8FB5: mov   a,dpl
CYC=3074 8FB7: cjne  a,#$FF,$8FAD
CYC=3076 8FAD: clr   a
CYC=3077 8FAE: inc   dptr
CYC=3079 8FAF: movx  @dptr,a
[:maincpu] ':maincpu' (8FB0): unmapped xdata memory write to 03D7 = 00 & FF
CYC=3081 8FB0: mov   a,dph
CYC=3082 8FB2: cjne  a,#$03,$8FAD
CYC=3084 8FB5: mov   a,dpl
CYC=3085 8FB7: cjne  a,#$FF,$8FAD
CYC=3087 8FAD: clr   a
CYC=3088 8FAE: inc   dptr
CYC=3090 8FAF: movx  @dptr,a
[:maincpu] ':maincpu' (8FB0): unmapped xdata memory write to 03D8 = 00 & FF
CYC=3092 8FB0: mov   a,dph
CYC=3093 8FB2: cjne  a,#$03,$8FAD
CYC=3095 8FB5: mov   a,dpl
CYC=3096 8FB7: cjne  a,#$FF,$8FAD
CYC=3098 8FAD: clr   a
CYC=3099 8FAE: inc   dptr
CYC=3101 8FAF: movx  @dptr,a
[:maincpu] ':maincpu' (8FB0): unmapped xdata memory write to 03D9 = 00 & FF
CYC=3103 8FB0: mov   a,dph
CYC=3104 8FB2: cjne  a,#$03,$8FAD
CYC=3106 8FB5: mov   a,dpl
CYC=3107 8FB7: cjne  a,#$FF,$8FAD
CYC=3109 8FAD: clr   a
CYC=3110 8FAE: inc   dptr
CYC=3112 8FAF: movx  @dptr,a
[:maincpu] ':maincpu' (8FB0): unmapped xdata memory write to 03DA = 00 & FF
CYC=3114 8FB0: mov   a,dph
CYC=3115 8FB2: cjne  a,#$03,$8FAD
CYC=3117 8FB5: mov   a,dpl
CYC=3118 8FB7: cjne  a,#$FF,$8FAD
CYC=3120 8FAD: clr   a
CYC=3121 8FAE: inc   dptr
CYC=3123 8FAF: movx  @dptr,a
[:maincpu] ':maincpu' (8FB0): unmapped xdata memory write to 03DB = 00 & FF
CYC=3125 8FB0: mov   a,dph
CYC=3126 8FB2: cjne  a,#$03,$8FAD
CYC=3128 8FB5: mov   a,dpl
CYC=3129 8FB7: cjne  a,#$FF,$8FAD
CYC=3131 8FAD: clr   a
CYC=3132 8FAE: inc   dptr
CYC=3134 8FAF: movx  @dptr,a
[:maincpu] ':maincpu' (8FB0): unmapped xdata memory write to 03DC = 00 & FF
CYC=3136 8FB0: mov   a,dph
CYC=3137 8FB2: cjne  a,#$03,$8FAD
CYC=3139 8FB5: mov   a,dpl
CYC=3140 8FB7: cjne  a,#$FF,$8FAD
CYC=3142 8FAD: clr   a
CYC=3143 8FAE: inc   dptr
CYC=3145 8FAF: movx  @dptr,a
[:maincpu] ':maincpu' (8FB0): unmapped xdata memory write to 03DD = 00 & FF
CYC=3147 8FB0: mov   a,dph
CYC=3148 8FB2: cjne  a,#$03,$8FAD
CYC=3150 8FB5: mov   a,dpl
CYC=3151 8FB7: cjne  a,#$FF,$8FAD
CYC=3153 8FAD: clr   a
CYC=3154 8FAE: inc   dptr
CYC=3156 8FAF: movx  @dptr,a
[:maincpu] ':maincpu' (8FB0): unmapped xdata memory write to 03DE = 00 & FF
CYC=3158 8FB0: mov   a,dph
CYC=3159 8FB2: cjne  a,#$03,$8FAD
CYC=3161 8FB5: mov   a,dpl
CYC=3162 8FB7: cjne  a,#$FF,$8FAD
CYC=3164 8FAD: clr   a
CYC=3165 8FAE: inc   dptr
CYC=3167 8FAF: movx  @dptr,a
[:maincpu] ':maincpu' (8FB0): unmapped xdata memory write to 03DF = 00 & FF
CYC=3169 8FB0: mov   a,dph
CYC=3170 8FB2: cjne  a,#$03,$8FAD
CYC=3172 8FB5: mov   a,dpl
CYC=3173 8FB7: cjne  a,#$FF,$8FAD
CYC=3175 8FAD: clr   a
CYC=3176 8FAE: inc   dptr
CYC=3178 8FAF: movx  @dptr,a
[:maincpu] ':maincpu' (8FB0): unmapped xdata memory write to 03E0 = 00 & FF
CYC=3180 8FB0: mov   a,dph
CYC=3181 8FB2: cjne  a,#$03,$8FAD
CYC=3183 8FB5: mov   a,dpl
CYC=3184 8FB7: cjne  a,#$FF,$8FAD
CYC=3186 8FAD: clr   a
CYC=3187 8FAE: inc   dptr
CYC=3189 8FAF: movx  @dptr,a
[:maincpu] ':maincpu' (8FB0): unmapped xdata memory write to 03E1 = 00 & FF
CYC=3191 8FB0: mov   a,dph
CYC=3192 8FB2: cjne  a,#$03,$8FAD
CYC=3194 8FB5: mov   a,dpl
CYC=3195 8FB7: cjne  a,#$FF,$8FAD
CYC=3197 8FAD: clr   a
CYC=3198 8FAE: inc   dptr
CYC=3200 8FAF: movx  @dptr,a
[:maincpu] ':maincpu' (8FB0): unmapped xdata memory write to 03E2 = 00 & FF
CYC=3202 8FB0: mov   a,dph
CYC=3203 8FB2: cjne  a,#$03,$8FAD
CYC=3205 8FB5: mov   a,dpl
CYC=3206 8FB7: cjne  a,#$FF,$8FAD
CYC=3208 8FAD: clr   a
CYC=3209 8FAE: inc   dptr
CYC=3211 8FAF: movx  @dptr,a
[:maincpu] ':maincpu' (8FB0): unmapped xdata memory write to 03E3 = 00 & FF
CYC=3213 8FB0: mov   a,dph
CYC=3214 8FB2: cjne  a,#$03,$8FAD
CYC=3216 8FB5: mov   a,dpl
CYC=3217 8FB7: cjne  a,#$FF,$8FAD
CYC=3219 8FAD: clr   a
CYC=3220 8FAE: inc   dptr
CYC=3222 8FAF: movx  @dptr,a
[:maincpu] ':maincpu' (8FB0): unmapped xdata memory write to 03E4 = 00 & FF
CYC=3224 8FB0: mov   a,dph
CYC=3225 8FB2: cjne  a,#$03,$8FAD
CYC=3227 8FB5: mov   a,dpl
CYC=3228 8FB7: cjne  a,#$FF,$8FAD
CYC=3230 8FAD: clr   a
CYC=3231 8FAE: inc   dptr
CYC=3233 8FAF: movx  @dptr,a
[:maincpu] ':maincpu' (8FB0): unmapped xdata memory write to 03E5 = 00 & FF
CYC=3235 8FB0: mov   a,dph
CYC=3236 8FB2: cjne  a,#$03,$8FAD
CYC=3238 8FB5: mov   a,dpl
CYC=3239 8FB7: cjne  a,#$FF,$8FAD
CYC=3241 8FAD: clr   a
CYC=3242 8FAE: inc   dptr
CYC=3244 8FAF: movx  @dptr,a
[:maincpu] ':maincpu' (8FB0): unmapped xdata memory write to 03E6 = 00 & FF
CYC=3246 8FB0: mov   a,dph
CYC=3247 8FB2: cjne  a,#$03,$8FAD
CYC=3249 8FB5: mov   a,dpl
CYC=3250 8FB7: cjne  a,#$FF,$8FAD
CYC=3252 8FAD: clr   a
CYC=3253 8FAE: inc   dptr
CYC=3255 8FAF: movx  @dptr,a
[:maincpu] ':maincpu' (8FB0): unmapped xdata memory write to 03E7 = 00 & FF
CYC=3257 8FB0: mov   a,dph
CYC=3258 8FB2: cjne  a,#$03,$8FAD
CYC=3260 8FB5: mov   a,dpl
CYC=3261 8FB7: cjne  a,#$FF,$8FAD
CYC=3263 8FAD: clr   a
CYC=3264 8FAE: inc   dptr
CYC=3266 8FAF: movx  @dptr,a
[:maincpu] ':maincpu' (8FB0): unmapped xdata memory write to 03E8 = 00 & FF
CYC=3268 8FB0: mov   a,dph
CYC=3269 8FB2: cjne  a,#$03,$8FAD
CYC=3271 8FB5: mov   a,dpl
CYC=3272 8FB7: cjne  a,#$FF,$8FAD
CYC=3274 8FAD: clr   a
CYC=3275 8FAE: inc   dptr
CYC=3277 8FAF: movx  @dptr,a
[:maincpu] ':maincpu' (8FB0): unmapped xdata memory write to 03E9 = 00 & FF
CYC=3279 8FB0: mov   a,dph
CYC=3280 8FB2: cjne  a,#$03,$8FAD
CYC=3282 8FB5: mov   a,dpl
CYC=3283 8FB7: cjne  a,#$FF,$8FAD
CYC=3285 8FAD: clr   a
CYC=3286 8FAE: inc   dptr
CYC=3288 8FAF: movx  @dptr,a
[:maincpu] ':maincpu' (8FB0): unmapped xdata memory write to 03EA = 00 & FF
CYC=3290 8FB0: mov   a,dph
CYC=3291 8FB2: cjne  a,#$03,$8FAD
CYC=3293 8FB5: mov   a,dpl
CYC=3294 8FB7: cjne  a,#$FF,$8FAD
CYC=3296 8FAD: clr   a
CYC=3297 8FAE: inc   dptr
CYC=3299 8FAF: movx  @dptr,a
[:maincpu] ':maincpu' (8FB0): unmapped xdata memory write to 03EB = 00 & FF
CYC=3301 8FB0: mov   a,dph
CYC=3302 8FB2: cjne  a,#$03,$8FAD
CYC=3304 8FB5: mov   a,dpl
CYC=3305 8FB7: cjne  a,#$FF,$8FAD
CYC=3307 8FAD: clr   a
CYC=3308 8FAE: inc   dptr
CYC=3310 8FAF: movx  @dptr,a
[:maincpu] ':maincpu' (8FB0): unmapped xdata memory write to 03EC = 00 & FF
CYC=3312 8FB0: mov   a,dph
CYC=3313 8FB2: cjne  a,#$03,$8FAD
CYC=3315 8FB5: mov   a,dpl
CYC=3316 8FB7: cjne  a,#$FF,$8FAD
CYC=3318 8FAD: clr   a
CYC=3319 8FAE: inc   dptr
CYC=3321 8FAF: movx  @dptr,a
[:maincpu] ':maincpu' (8FB0): unmapped xdata memory write to 03ED = 00 & FF
CYC=3323 8FB0: mov   a,dph
CYC=3324 8FB2: cjne  a,#$03,$8FAD
CYC=3326 8FB5: mov   a,dpl
CYC=3327 8FB7: cjne  a,#$FF,$8FAD
CYC=3329 8FAD: clr   a
CYC=3330 8FAE: inc   dptr
CYC=3332 8FAF: movx  @dptr,a
[:maincpu] ':maincpu' (8FB0): unmapped xdata memory write to 03EE = 00 & FF
CYC=3334 8FB0: mov   a,dph
CYC=3335 8FB2: cjne  a,#$03,$8FAD
CYC=3337 8FB5: mov   a,dpl
CYC=3338 8FB7: cjne  a,#$FF,$8FAD
CYC=3340 8FAD: clr   a
CYC=3341 8FAE: inc   dptr
CYC=3343 8FAF: movx  @dptr,a
[:maincpu] ':maincpu' (8FB0): unmapped xdata memory write to 03EF = 00 & FF
CYC=3345 8FB0: mov   a,dph
CYC=3346 8FB2: cjne  a,#$03,$8FAD
CYC=3348 8FB5: mov   a,dpl
CYC=3349 8FB7: cjne  a,#$FF,$8FAD
CYC=3351 8FAD: clr   a
CYC=3352 8FAE: inc   dptr
CYC=3354 8FAF: movx  @dptr,a
[:maincpu] ':maincpu' (8FB0): unmapped xdata memory write to 03F0 = 00 & FF
CYC=3356 8FB0: mov   a,dph
CYC=3357 8FB2: cjne  a,#$03,$8FAD
CYC=3359 8FB5: mov   a,dpl
CYC=3360 8FB7: cjne  a,#$FF,$8FAD
CYC=3362 8FAD: clr   a
CYC=3363 8FAE: inc   dptr
CYC=3365 8FAF: movx  @dptr,a
[:maincpu] ':maincpu' (8FB0): unmapped xdata memory write to 03F1 = 00 & FF
CYC=3367 8FB0: mov   a,dph
CYC=3368 8FB2: cjne  a,#$03,$8FAD
CYC=3370 8FB5: mov   a,dpl
CYC=3371 8FB7: cjne  a,#$FF,$8FAD
CYC=3373 8FAD: clr   a
CYC=3374 8FAE: inc   dptr
CYC=3376 8FAF: movx  @dptr,a
[:maincpu] ':maincpu' (8FB0): unmapped xdata memory write to 03F2 = 00 & FF
CYC=3378 8FB0: mov   a,dph
CYC=3379 8FB2: cjne  a,#$03,$8FAD
CYC=3381 8FB5: mov   a,dpl
CYC=3382 8FB7: cjne  a,#$FF,$8FAD
CYC=3384 8FAD: clr   a
CYC=3385 8FAE: inc   dptr
CYC=3387 8FAF: movx  @dptr,a
[:maincpu] ':maincpu' (8FB0): unmapped xdata memory write to 03F3 = 00 & FF
CYC=3389 8FB0: mov   a,dph
CYC=3390 8FB2: cjne  a,#$03,$8FAD
CYC=3392 8FB5: mov   a,dpl
CYC=3393 8FB7: cjne  a,#$FF,$8FAD
CYC=3395 8FAD: clr   a
CYC=3396 8FAE: inc   dptr
CYC=3398 8FAF: movx  @dptr,a
[:maincpu] ':maincpu' (8FB0): unmapped xdata memory write to 03F4 = 00 & FF
CYC=3400 8FB0: mov   a,dph
CYC=3401 8FB2: cjne  a,#$03,$8FAD
CYC=3403 8FB5: mov   a,dpl
CYC=3404 8FB7: cjne  a,#$FF,$8FAD
CYC=3406 8FAD: clr   a
CYC=3407 8FAE: inc   dptr
CYC=3409 8FAF: movx  @dptr,a
[:maincpu] ':maincpu' (8FB0): unmapped xdata memory write to 03F5 = 00 & FF
CYC=3411 8FB0: mov   a,dph
CYC=3412 8FB2: cjne  a,#$03,$8FAD
CYC=3414 8FB5: mov   a,dpl
CYC=3415 8FB7: cjne  a,#$FF,$8FAD
CYC=3417 8FAD: clr   a
CYC=3418 8FAE: inc   dptr
CYC=3420 8FAF: movx  @dptr,a
[:maincpu] ':maincpu' (8FB0): unmapped xdata memory write to 03F6 = 00 & FF
CYC=3422 8FB0: mov   a,dph
CYC=3423 8FB2: cjne  a,#$03,$8FAD
CYC=3425 8FB5: mov   a,dpl
CYC=3426 8FB7: cjne  a,#$FF,$8FAD
CYC=3428 8FAD: clr   a
CYC=3429 8FAE: inc   dptr
CYC=3431 8FAF: movx  @dptr,a
[:maincpu] ':maincpu' (8FB0): unmapped xdata memory write to 03F7 = 00 & FF
CYC=3433 8FB0: mov   a,dph
CYC=3434 8FB2: cjne  a,#$03,$8FAD
CYC=3436 8FB5: mov   a,dpl
CYC=3437 8FB7: cjne  a,#$FF,$8FAD
CYC=3439 8FAD: clr   a
CYC=3440 8FAE: inc   dptr
CYC=3442 8FAF: movx  @dptr,a
[:maincpu] ':maincpu' (8FB0): unmapped xdata memory write to 03F8 = 00 & FF
CYC=3444 8FB0: mov   a,dph
CYC=3445 8FB2: cjne  a,#$03,$8FAD
CYC=3447 8FB5: mov   a,dpl
CYC=3448 8FB7: cjne  a,#$FF,$8FAD
CYC=3450 8FAD: clr   a
CYC=3451 8FAE: inc   dptr
CYC=3453 8FAF: movx  @dptr,a
[:maincpu] ':maincpu' (8FB0): unmapped xdata memory write to 03F9 = 00 & FF
CYC=3455 8FB0: mov   a,dph
CYC=3456 8FB2: cjne  a,#$03,$8FAD
CYC=3458 8FB5: mov   a,dpl
CYC=3459 8FB7: cjne  a,#$FF,$8FAD
CYC=3461 8FAD: clr   a
CYC=3462 8FAE: inc   dptr
CYC=3464 8FAF: movx  @dptr,a
[:maincpu] ':maincpu' (8FB0): unmapped xdata memory write to 03FA = 00 & FF
CYC=3466 8FB0: mov   a,dph
CYC=3467 8FB2: cjne  a,#$03,$8FAD
CYC=3469 8FB5: mov   a,dpl
CYC=3470 8FB7: cjne  a,#$FF,$8FAD
CYC=3472 8FAD: clr   a
CYC=3473 8FAE: inc   dptr
CYC=3475 8FAF: movx  @dptr,a
[:maincpu] ':maincpu' (8FB0): unmapped xdata memory write to 03FB = 00 & FF
CYC=3477 8FB0: mov   a,dph
CYC=3478 8FB2: cjne  a,#$03,$8FAD
CYC=3480 8FB5: mov   a,dpl
CYC=3481 8FB7: cjne  a,#$FF,$8FAD
CYC=3483 8FAD: clr   a
CYC=3484 8FAE: inc   dptr
CYC=3486 8FAF: movx  @dptr,a
[:maincpu] ':maincpu' (8FB0): unmapped xdata memory write to 03FC = 00 & FF
CYC=3488 8FB0: mov   a,dph
CYC=3489 8FB2: cjne  a,#$03,$8FAD
CYC=3491 8FB5: mov   a,dpl
CYC=3492 8FB7: cjne  a,#$FF,$8FAD
CYC=3494 8FAD: clr   a
CYC=3495 8FAE: inc   dptr
CYC=3497 8FAF: movx  @dptr,a
[:maincpu] ':maincpu' (8FB0): unmapped xdata memory write to 03FD = 00 & FF
CYC=3499 8FB0: mov   a,dph
CYC=3500 8FB2: cjne  a,#$03,$8FAD
CYC=3502 8FB5: mov   a,dpl
CYC=3503 8FB7: cjne  a,#$FF,$8FAD
CYC=3505 8FAD: clr   a
CYC=3506 8FAE: inc   dptr
CYC=3508 8FAF: movx  @dptr,a
[:maincpu] ':maincpu' (8FB0): unmapped xdata memory write to 03FE = 00 & FF
CYC=3510 8FB0: mov   a,dph
CYC=3511 8FB2: cjne  a,#$03,$8FAD
CYC=3513 8FB5: mov   a,dpl
CYC=3514 8FB7: cjne  a,#$FF,$8FAD
CYC=3516 8FAD: clr   a
CYC=3517 8FAE: inc   dptr
CYC=3519 8FAF: movx  @dptr,a
[:maincpu] ':maincpu' (8FB0): unmapped xdata memory write to 03FF = 00 & FF
CYC=3521 8FB0: mov   a,dph
CYC=3522 8FB2: cjne  a,#$03,$8FAD
CYC=3524 8FB5: mov   a,dpl
CYC=3525 8FB7: cjne  a,#$FF,$8FAD
CYC=3527 8FBA: mov   r0,#$F2
CYC=3528 8FBC: mov   a,#$03
CYC=3529 8FBE: movx  @r0,a
[:maincpu] ':maincpu' (8FBF): unmapped xdata memory write to 00F2 = 03 & FF
CYC=3531 8FBF: inc   r0
CYC=3532 8FC0: mov   a,#$00
CYC=3533 8FC2: movx  @r0,a
[:maincpu] ':maincpu' (8FC3): unmapped xdata memory write to 00F3 = 00 & FF
CYC=3535 8FC3: clr   a
CYC=3536 8FC4: mov   r0,#$2F
CYC=3537 8FC6: movx  @r0,a
[:maincpu] ':maincpu' (8FC7): unmapped xdata memory write to 002F = 00 & FF
CYC=3539 8FC7: mov   p2,#$02
[:maincpu] write of un-hooked port 2 02
CYC=3541 8FCA: mov   r0,#$25
CYC=3542 8FCC: mov   a,#$55
CYC=3543 8FCE: movx  @r0,a
[:maincpu] ':maincpu' (8FCF): unmapped xdata memory write to 0225 = 55 & FF
CYC=3545 8FCF: mov   p2,#$00
[:maincpu] write of un-hooked port 2 00
CYC=3547 8FD2: lcall $8171
CYC=3549 8171: mov   p2,#$00
[:maincpu] write of un-hooked port 2 00
CYC=3551 8174: mov   dptr,#$44F5
CYC=3553 8177: lcall $817E
CYC=3555 817E: mov   r0,#$80
CYC=3556 8180: mov   a,#$00
CYC=3557 8182: movx  @r0,a
[:maincpu] ':maincpu' (8183): unmapped xdata memory write to 0080 = 00 & FF
CYC=3559 8183: ret
CYC=3561 817A: lcall $8184
CYC=3563 8184: mov   r0,#$81
CYC=3564 8186: mov   a,#$01
CYC=3565 8188: movx  @r0,a
[:maincpu] ':maincpu' (8189): unmapped xdata memory write to 0081 = 01 & FF
CYC=3567 8189: inc   r0
CYC=3568 818A: mov   a,#$0A
CYC=3569 818C: movx  @r0,a
[:maincpu] ':maincpu' (818D): unmapped xdata memory write to 0082 = 0A & FF
CYC=3571 818D: inc   r0
CYC=3572 818E: clr   a
CYC=3573 818F: movx  @r0,a
[:maincpu] ':maincpu' (8190): unmapped xdata memory write to 0083 = 00 & FF
CYC=3575 8190: inc   r0
CYC=3576 8191: movx  @r0,a
[:maincpu] ':maincpu' (8192): unmapped xdata memory write to 0084 = 00 & FF
CYC=3578 8192: inc   r0
CYC=3579 8193: mov   a,#$28
CYC=3580 8195: movc  a,@a+dptr
CYC=3582 8196: movx  @r0,a
[:maincpu] ':maincpu' (8197): unmapped xdata memory write to 0085 = 14 & FF
CYC=3584 8197: ret
CYC=3586 817D: ret
CYC=3588 8FD5: mov   r0,#$C3
CYC=3589 8FD7: mov   a,#$7B
CYC=3590 8FD9: movc  a,@a+dptr
CYC=3592 8FDA: movx  @r0,a
[:maincpu] ':maincpu' (8FDB): unmapped xdata memory write to 00C3 = B4 & FF
CYC=3594 8FDB: mov   a,#$64
CYC=3595 8FDD: inc   r0
CYC=3596 8FDE: movx  @r0,a
[:maincpu] ':maincpu' (8FDF): unmapped xdata memory write to 00C4 = 64 & FF
CYC=3598 8FDF: inc   r0
CYC=3599 8FE0: movx  @r0,a
[:maincpu] ':maincpu' (8FE1): unmapped xdata memory write to 00C5 = 64 & FF
CYC=3601 8FE1: mov   r0,#$C2
CYC=3602 8FE3: movx  a,@r0
[:maincpu] ':maincpu' (8FE4): unmapped xdata memory read from 00C2 & FF
CYC=3604 8FE4: clr   acc.0
CYC=3605 8FE6: clr   acc.7
CYC=3606 8FE8: clr   acc.6
CYC=3607 8FEA: clr   acc.3
CYC=3608 8FEC: movx  @r0,a
[:maincpu] ':maincpu' (8FED): unmapped xdata memory write to 00C2 = 00 & FF
CYC=3610 8FED: mov   r0,#$8C
CYC=3611 8FEF: clr   a
CYC=3612 8FF0: movx  @r0,a
[:maincpu] ':maincpu' (8FF1): unmapped xdata memory write to 008C = 00 & FF
CYC=3614 8FF1: mov   r0,#$DB
CYC=3615 8FF3: mov   a,#$6F
CYC=3616 8FF5: movc  a,@a+dptr
CYC=3618 8FF6: movx  @r0,a
[:maincpu] ':maincpu' (8FF7): unmapped xdata memory write to 00DB = 1E & FF
CYC=3620 8FF7: mov   a,#$64
CYC=3621 8FF9: inc   r0
CYC=3622 8FFA: movx  @r0,a
[:maincpu] ':maincpu' (8FFB): unmapped xdata memory write to 00DC = 64 & FF
CYC=3624 8FFB: inc   r0
CYC=3625 8FFC: movx  @r0,a
[:maincpu] ':maincpu' (8FFD): unmapped xdata memory write to 00DD = 64 & FF
CYC=3627 8FFD: mov   r0,#$F7
CYC=3628 8FFF: mov   a,#$6A
CYC=3629 9001: movc  a,@a+dptr
CYC=3631 9002: movx  @r0,a
[:maincpu] ':maincpu' (9003): unmapped xdata memory write to 00F7 = 01 & FF
CYC=3633 9003: mov   a,#$0A
CYC=3634 9005: inc   r0
CYC=3635 9006: movx  @r0,a
[:maincpu] ':maincpu' (9007): unmapped xdata memory write to 00F8 = 0A & FF
CYC=3637 9007: inc   r0
CYC=3638 9008: movx  @r0,a
[:maincpu] ':maincpu' (9009): unmapped xdata memory write to 00F9 = 0A & FF
CYC=3640 9009: mov   r0,#$F4
CYC=3641 900B: mov   a,#$69
CYC=3642 900D: movc  a,@a+dptr
CYC=3644 900E: movx  @r0,a
[:maincpu] ':maincpu' (900F): unmapped xdata memory write to 00F4 = 01 & FF
CYC=3646 900F: mov   a,#$0A
CYC=3647 9011: inc   r0
CYC=3648 9012: movx  @r0,a
[:maincpu] ':maincpu' (9013): unmapped xdata memory write to 00F5 = 0A & FF
CYC=3650 9013: inc   r0
CYC=3651 9014: movx  @r0,a
[:maincpu] ':maincpu' (9015): unmapped xdata memory write to 00F6 = 0A & FF
CYC=3653 9015: ret
CYC=3655 5CA7: lcall $78A8
CYC=3657 78A8: push  rb0r0
CYC=3659 78AA: push  dph
CYC=3661 78AC: push  dpl
CYC=3663 78AE: mov   p2,#$01
[:maincpu] write of un-hooked port 2 01
CYC=3665 78B1: clr   $29.1
CYC=3666 78B3: clr   $23.6
CYC=3667 78B5: clr   $29.0
CYC=3668 78B7: mov   r0,#$10
CYC=3669 78B9: clr   a
CYC=3670 78BA: movx  @r0,a
[:maincpu] ':maincpu' (78BB): unmapped xdata memory write to 0110 = 00 & FF
CYC=3672 78BB: mov   p2,#$00
[:maincpu] write of un-hooked port 2 00
CYC=3674 78BE: mov   dptr,#$0111
CYC=3676 78C1: mov   a,#$1E
CYC=3677 78C3: movx  @dptr,a
[:maincpu] ':maincpu' (78C4): unmapped xdata memory write to 0111 = 1E & FF
CYC=3679 78C4: mov   dptr,#$0112
CYC=3681 78C7: mov   a,#$80
CYC=3682 78C9: movx  @dptr,a
[:maincpu] ':maincpu' (78CA): unmapped xdata memory write to 0112 = 80 & FF
CYC=3684 78CA: inc   dptr
CYC=3686 78CB: movx  @dptr,a
[:maincpu] ':maincpu' (78CC): unmapped xdata memory write to 0113 = 80 & FF
CYC=3688 78CC: inc   dptr
CYC=3690 78CD: movx  @dptr,a
[:maincpu] ':maincpu' (78CE): unmapped xdata memory write to 0114 = 80 & FF
CYC=3692 78CE: pop   dpl
CYC=3694 78D0: pop   dph
CYC=3696 78D2: pop   rb0r0
CYC=3698 78D4: ret
CYC=3700 5CAA: mov   ien0,#$A0
CYC=3702 5CAD: mov   ien1,#$00
CYC=3704 5CB0: mov   p1,#$FF
[:maincpu] write of un-hooked port 1 ff
CYC=3706 5CB3: mov   p3,#$FF
[:maincpu] write of un-hooked port 3 ff
CYC=3708 5CB6: mov   p4,#$FF
[:maincpu] write of un-hooked port 4 ff
CYC=3710 5CB9: jnb   p5.2,$5CC1
[:maincpu] read of un-hooked port 5 (PC=5CB9)
CYC=3712 5CBC: mov   p5,#$FF
[:maincpu] write of un-hooked port 5 ff
CYC=3714 5CBF: sjmp  $5CC4
CYC=3716 5CC4: mov   ip0,#$3A
CYC=3718 5CC7: mov   ip1,#$26
CYC=3720 5CCA: mov   ircon,#$00
CYC=3722 5CCD: mov   tmod,#$11
CYC=3724 5CD0: mov   tcon,#$05
CYC=3726 5CD3: mov   t2con,#$85
CYC=3728 5CD6: mov   scon,#$90
[:maincpu] read of un-hooked port 3 (PC=5CD6)
[:maincpu] read of un-hooked port 3 (PC=5CD6)
CYC=3730 5CD9: mov   ccen,#$01
[:maincpu] read of un-hooked port 3 (PC=5CD9)
[:maincpu] read of un-hooked port 3 (PC=5CD9)
CYC=3732 5CDC: mov   adcon,#$C0
[:maincpu] read of un-hooked port 3 (PC=5CDC)
[:maincpu] read of un-hooked port 3 (PC=5CDC)
CYC=3734 5CDF: mov   sp,#$D5
[:maincpu] read of un-hooked port 3 (PC=5CDF)
[:maincpu] read of un-hooked port 3 (PC=5CDF)
CYC=3736 5CE2: mov   psw,#$00
[:maincpu] read of un-hooked port 3 (PC=5CE2)
[:maincpu] read of un-hooked port 3 (PC=5CE2)
CYC=3738 5CE5: mov   p2,#$A0
[:maincpu] write of un-hooked port 2 a0
[:maincpu] read of un-hooked port 3 (PC=5CE5)
[:maincpu] read of un-hooked port 3 (PC=5CE5)
CYC=3740 5CE8: mov   r0,#$40
[:maincpu] read of un-hooked port 3 (PC=5CE8)
CYC=3741 5CEA: movx  a,@r0
[:maincpu] read of un-hooked port 3 (PC=5CEA)
[:maincpu] read of un-hooked port 3 (PC=5CEA)
CYC=3743 5CEB: xrl   a,#$1E
[:maincpu] read of un-hooked port 3 (PC=5CEB)
CYC=3744 5CED: mov   c,acc.0
[:maincpu] read of un-hooked port 3 (PC=5CED)
CYC=3745 5CEF: jnc   $5D0A
[:maincpu] read of un-hooked port 3 (PC=5CEF)
[:maincpu] read of un-hooked port 3 (PC=5CEF)
CYC=3747 5CF1: setb  wdt
[:maincpu] read of un-hooked port 3 (PC=5CF1)
CYC=3748 5CF3: setb  swdt
[:maincpu] read of un-hooked port 3 (PC=5CF3)
CYC=3749 5CF5: setb  p5.2
[:maincpu] read of un-hooked port 5 (PC=5CF5)
[:maincpu] write of un-hooked port 5 ff
[:maincpu] read of un-hooked port 3 (PC=5CF5)
CYC=3750 5CF7: mov   a,#$FF
[:maincpu] read of un-hooked port 3 (PC=5CF7)
CYC=3751 5CF9: push  dph
[:maincpu] read of un-hooked port 3 (PC=5CF9)
[:maincpu] read of un-hooked port 3 (PC=5CF9)
CYC=3753 5CFB: push  dpl
[:maincpu] read of un-hooked port 3 (PC=5CFB)
[:maincpu] read of un-hooked port 3 (PC=5CFB)
CYC=3755 5CFD: mov   dph,#$A0
[:maincpu] read of un-hooked port 3 (PC=5CFD)
[:maincpu] read of un-hooked port 3 (PC=5CFD)
CYC=3757 5D00: mov   dpl,#$40
[:maincpu] read of un-hooked port 3 (PC=5D00)
[:maincpu] read of un-hooked port 3 (PC=5D00)
CYC=3759 5D03: movx  @dptr,a
[:maincpu] read of un-hooked port 3 (PC=5D03)
[:maincpu] read of un-hooked port 3 (PC=5D03)
CYC=3761 5D04: pop   dpl
[:maincpu] read of un-hooked port 3 (PC=5D04)
[:maincpu] read of un-hooked port 3 (PC=5D04)
CYC=3763 5D06: pop   dph
[:maincpu] read of un-hooked port 3 (PC=5D06)
[:maincpu] read of un-hooked port 3 (PC=5D06)
CYC=3765 5D08: sjmp  $5CE5
[:maincpu] read of un-hooked port 3 (PC=5D08)
[:maincpu] read of un-hooked port 3 (PC=5D08)
CYC=3767 5CE5: mov   p2,#$A0
[:maincpu] write of un-hooked port 2 a0
[:maincpu] read of un-hooked port 3 (PC=5CE5)
[:maincpu] read of un-hooked port 3 (PC=5CE5)
CYC=3769 5CE8: mov   r0,#$40
[:maincpu] read of un-hooked port 3 (PC=5CE8)
CYC=3770 5CEA: movx  a,@r0
[:maincpu] read of un-hooked port 3 (PC=5CEA)
[:maincpu] read of un-hooked port 3 (PC=5CEA)
CYC=3772 5CEB: xrl   a,#$1E
[:maincpu] read of un-hooked port 3 (PC=5CEB)
CYC=3773 5CED: mov   c,acc.0
[:maincpu] read of un-hooked port 3 (PC=5CED)
CYC=3774 5CEF: jnc   $5D0A
[:maincpu] read of un-hooked port 3 (PC=5CEF)
[:maincpu] read of un-hooked port 3 (PC=5CEF)
CYC=3776 5CF1: setb  wdt
[:maincpu] read of un-hooked port 3 (PC=5CF1)
CYC=3777 5CF3: setb  swdt
[:maincpu] read of un-hooked port 3 (PC=5CF3)
CYC=3778 5CF5: setb  p5.2
[:maincpu] read of un-hooked port 5 (PC=5CF5)
[:maincpu] write of un-hooked port 5 ff
[:maincpu] read of un-hooked port 3 (PC=5CF5)
CYC=3779 5CF7: mov   a,#$FF
[:maincpu] read of un-hooked port 3 (PC=5CF7)
CYC=3780 5CF9: push  dph
[:maincpu] read of un-hooked port 3 (PC=5CF9)
[:maincpu] read of un-hooked port 3 (PC=5CF9)
CYC=3782 5CFB: push  dpl
[:maincpu] read of un-hooked port 3 (PC=5CFB)
[:maincpu] read of un-hooked port 3 (PC=5CFB)
CYC=3784 5CFD: mov   dph,#$A0
[:maincpu] read of un-hooked port 3 (PC=5CFD)
[:maincpu] read of un-hooked port 3 (PC=5CFD)
CYC=3786 5D00: mov   dpl,#$40
[:maincpu] read of un-hooked port 3 (PC=5D00)
[:maincpu] read of un-hooked port 3 (PC=5D00)
CYC=3788 5D03: movx  @dptr,a
[:maincpu] read of un-hooked port 3 (PC=5D03)
[:maincpu] read of un-hooked port 3 (PC=5D03)
CYC=3790 5D04: pop   dpl
[:maincpu] read of un-hooked port 3 (PC=5D04)
[:maincpu] read of un-hooked port 3 (PC=5D04)
CYC=3792 5D06: pop   dph
[:maincpu] read of un-hooked port 3 (PC=5D06)
[:maincpu] read of un-hooked port 3 (PC=5D06)
CYC=3794 5D08: sjmp  $5CE5
[:maincpu] read of un-hooked port 3 (PC=5D08)
[:maincpu] read of un-hooked port 3 (PC=5D08)
CYC=3796 5CE5: mov   p2,#$A0
[:maincpu] write of un-hooked port 2 a0
[:maincpu] read of un-hooked port 3 (PC=5CE5)
[:maincpu] read of un-hooked port 3 (PC=5CE5)
CYC=3798 5CE8: mov   r0,#$40
[:maincpu] read of un-hooked port 3 (PC=5CE8)
CYC=3799 5CEA: movx  a,@r0
[:maincpu] read of un-hooked port 3 (PC=5CEA)
[:maincpu] read of un-hooked port 3 (PC=5CEA)
CYC=3801 5CEB: xrl   a,#$1E
[:maincpu] read of un-hooked port 3 (PC=5CEB)
CYC=3802 5CED: mov   c,acc.0
[:maincpu] read of un-hooked port 3 (PC=5CED)
CYC=3803 5CEF: jnc   $5D0A
[:maincpu] read of un-hooked port 3 (PC=5CEF)
[:maincpu] read of un-hooked port 3 (PC=5CEF)
CYC=3805 5CF1: setb  wdt
[:maincpu] read of un-hooked port 3 (PC=5CF1)
CYC=3806 5CF3: setb  swdt
[:maincpu] read of un-hooked port 3 (PC=5CF3)
CYC=3807 5CF5: setb  p5.2
[:maincpu] read of un-hooked port 5 (PC=5CF5)
[:maincpu] write of un-hooked port 5 ff
[:maincpu] read of un-hooked port 3 (PC=5CF5)
CYC=3808 5CF7: mov   a,#$FF
[:maincpu] read of un-hooked port 3 (PC=5CF7)
CYC=3809 5CF9: push  dph
[:maincpu] read of un-hooked port 3 (PC=5CF9)
[:maincpu] read of un-hooked port 3 (PC=5CF9)
CYC=3811 5CFB: push  dpl
[:maincpu] read of un-hooked port 3 (PC=5CFB)
[:maincpu] read of un-hooked port 3 (PC=5CFB)
CYC=3813 5CFD: mov   dph,#$A0
[:maincpu] read of un-hooked port 3 (PC=5CFD)
[:maincpu] read of un-hooked port 3 (PC=5CFD)
CYC=3815 5D00: mov   dpl,#$40
[:maincpu] read of un-hooked port 3 (PC=5D00)
[:maincpu] read of un-hooked port 3 (PC=5D00)
CYC=3817 5D03: movx  @dptr,a
[:maincpu] read of un-hooked port 3 (PC=5D03)
[:maincpu] read of un-hooked port 3 (PC=5D03)
CYC=3819 5D04: pop   dpl
[:maincpu] read of un-hooked port 3 (PC=5D04)
[:maincpu] read of un-hooked port 3 (PC=5D04)
CYC=3821 5D06: pop   dph
[:maincpu] read of un-hooked port 3 (PC=5D06)
[:maincpu] read of un-hooked port 3 (PC=5D06)
CYC=3823 5D08: sjmp  $5CE5
[:maincpu] read of un-hooked port 3 (PC=5D08)
[:maincpu] read of un-hooked port 3 (PC=5D08)
CYC=3825 5CE5: mov   p2,#$A0
[:maincpu] write of un-hooked port 2 a0
[:maincpu] read of un-hooked port 3 (PC=5CE5)
[:maincpu] read of un-hooked port 3 (PC=5CE5)
CYC=3827 5CE8: mov   r0,#$40
[:maincpu] read of un-hooked port 3 (PC=5CE8)
CYC=3828 5CEA: movx  a,@r0
[:maincpu] read of un-hooked port 3 (PC=5CEA)
[:maincpu] read of un-hooked port 3 (PC=5CEA)
CYC=3830 5CEB: xrl   a,#$1E
[:maincpu] read of un-hooked port 3 (PC=5CEB)
CYC=3831 5CED: mov   c,acc.0
[:maincpu] read of un-hooked port 3 (PC=5CED)
CYC=3832 5CEF: jnc   $5D0A
[:maincpu] read of un-hooked port 3 (PC=5CEF)
[:maincpu] read of un-hooked port 3 (PC=5CEF)
CYC=3834 5CF1: setb  wdt
[:maincpu] read of un-hooked port 3 (PC=5CF1)
CYC=3835 5CF3: setb  swdt
[:maincpu] read of un-hooked port 3 (PC=5CF3)
CYC=3836 5CF5: setb  p5.2
[:maincpu] read of un-hooked port 5 (PC=5CF5)
[:maincpu] write of un-hooked port 5 ff
[:maincpu] read of un-hooked port 3 (PC=5CF5)
CYC=3837 5CF7: mov   a,#$FF
[:maincpu] read of un-hooked port 3 (PC=5CF7)
CYC=3838 5CF9: push  dph
[:maincpu] read of un-hooked port 3 (PC=5CF9)
[:maincpu] read of un-hooked port 3 (PC=5CF9)
CYC=3840 5CFB: push  dpl
[:maincpu] read of un-hooked port 3 (PC=5CFB)
[:maincpu] read of un-hooked port 3 (PC=5CFB)
CYC=3842 5CFD: mov   dph,#$A0
[:maincpu] read of un-hooked port 3 (PC=5CFD)
[:maincpu] read of un-hooked port 3 (PC=5CFD)
CYC=3844 5D00: mov   dpl,#$40
[:maincpu] read of un-hooked port 3 (PC=5D00)
[:maincpu] read of un-hooked port 3 (PC=5D00)
CYC=3846 5D03: movx  @dptr,a
[:maincpu] read of un-hooked port 3 (PC=5D03)
[:maincpu] read of un-hooked port 3 (PC=5D03)
CYC=3848 5D04: pop   dpl
[:maincpu] read of un-hooked port 3 (PC=5D04)
[:maincpu] read of un-hooked port 3 (PC=5D04)
CYC=3850 5D06: pop   dph
[:maincpu] read of un-hooked port 3 (PC=5D06)
[:maincpu] read of un-hooked port 3 (PC=5D06)
CYC=3852 5D08: sjmp  $5CE5
[:maincpu] read of un-hooked port 3 (PC=5D08)
[:maincpu] read of un-hooked port 3 (PC=5D08)
CYC=3854 5CE5: mov   p2,#$A0
[:maincpu] write of un-hooked port 2 a0
[:maincpu] read of un-hooked port 3 (PC=5CE5)
[:maincpu] read of un-hooked port 3 (PC=5CE5)
CYC=3856 5CE8: mov   r0,#$40
[:maincpu] read of un-hooked port 3 (PC=5CE8)
CYC=3857 5CEA: movx  a,@r0
[:maincpu] read of un-hooked port 3 (PC=5CEA)
[:maincpu] read of un-hooked port 3 (PC=5CEA)
CYC=3859 5CEB: xrl   a,#$1E
[:maincpu] read of un-hooked port 3 (PC=5CEB)
CYC=3860 5CED: mov   c,acc.0
[:maincpu] read of un-hooked port 3 (PC=5CED)
CYC=3861 5CEF: jnc   $5D0A
[:maincpu] read of un-hooked port 3 (PC=5CEF)
[:maincpu] read of un-hooked port 3 (PC=5CEF)
CYC=3863 5CF1: setb  wdt
[:maincpu] read of un-hooked port 3 (PC=5CF1)
CYC=3864 5CF3: setb  swdt
[:maincpu] read of un-hooked port 3 (PC=5CF3)
CYC=3865 5CF5: setb  p5.2
[:maincpu] read of un-hooked port 5 (PC=5CF5)
[:maincpu] write of un-hooked port 5 ff
[:maincpu] read of un-hooked port 3 (PC=5CF5)
CYC=3866 5CF7: mov   a,#$FF
[:maincpu] read of un-hooked port 3 (PC=5CF7)
CYC=3867 5CF9: push  dph
[:maincpu] read of un-hooked port 3 (PC=5CF9)
[:maincpu] read of un-hooked port 3 (PC=5CF9)
CYC=3869 5CFB: push  dpl
[:maincpu] read of un-hooked port 3 (PC=5CFB)
[:maincpu] read of un-hooked port 3 (PC=5CFB)
CYC=3871 5CFD: mov   dph,#$A0
[:maincpu] read of un-hooked port 3 (PC=5CFD)
[:maincpu] read of un-hooked port 3 (PC=5CFD)
CYC=3873 5D00: mov   dpl,#$40
[:maincpu] read of un-hooked port 3 (PC=5D00)
[:maincpu] read of un-hooked port 3 (PC=5D00)
CYC=3875 5D03: movx  @dptr,a
[:maincpu] read of un-hooked port 3 (PC=5D03)
[:maincpu] read of un-hooked port 3 (PC=5D03)
CYC=3877 5D04: pop   dpl
[:maincpu] read of un-hooked port 3 (PC=5D04)
[:maincpu] read of un-hooked port 3 (PC=5D04)
CYC=3879 5D06: pop   dph
[:maincpu] read of un-hooked port 3 (PC=5D06)
[:maincpu] read of un-hooked port 3 (PC=5D06)
CYC=3881 5D08: sjmp  $5CE5
[:maincpu] read of un-hooked port 3 (PC=5D08)
[:maincpu] read of un-hooked port 3 (PC=5D08)
CYC=3883 5CE5: mov   p2,#$A0
[:maincpu] write of un-hooked port 2 a0
[:maincpu] read of un-hooked port 3 (PC=5CE5)
[:maincpu] read of un-hooked port 3 (PC=5CE5)
CYC=3885 5CE8: mov   r0,#$40
[:maincpu] read of un-hooked port 3 (PC=5CE8)
CYC=3886 5CEA: movx  a,@r0
[:maincpu] read of un-hooked port 3 (PC=5CEA)
[:maincpu] read of un-hooked port 3 (PC=5CEA)
CYC=3888 5CEB: xrl   a,#$1E
[:maincpu] read of un-hooked port 3 (PC=5CEB)
CYC=3889 5CED: mov   c,acc.0
[:maincpu] read of un-hooked port 3 (PC=5CED)
CYC=3890 5CEF: jnc   $5D0A
[:maincpu] read of un-hooked port 3 (PC=5CEF)
[:maincpu] read of un-hooked port 3 (PC=5CEF)
CYC=3892 5CF1: setb  wdt
[:maincpu] read of un-hooked port 3 (PC=5CF1)
CYC=3893 5CF3: setb  swdt
[:maincpu] read of un-hooked port 3 (PC=5CF3)
CYC=3894 5CF5: setb  p5.2
[:maincpu] read of un-hooked port 5 (PC=5CF5)
[:maincpu] write of un-hooked port 5 ff
[:maincpu] read of un-hooked port 3 (PC=5CF5)
CYC=3895 5CF7: mov   a,#$FF
[:maincpu] read of un-hooked port 3 (PC=5CF7)
CYC=3896 5CF9: push  dph
[:maincpu] read of un-hooked port 3 (PC=5CF9)
[:maincpu] read of un-hooked port 3 (PC=5CF9)
CYC=3898 5CFB: push  dpl
[:maincpu] read of un-hooked port 3 (PC=5CFB)
[:maincpu] read of un-hooked port 3 (PC=5CFB)
CYC=3900 5CFD: mov   dph,#$A0
[:maincpu] read of un-hooked port 3 (PC=5CFD)
[:maincpu] read of un-hooked port 3 (PC=5CFD)
CYC=3902 5D00: mov   dpl,#$40
[:maincpu] read of un-hooked port 3 (PC=5D00)
[:maincpu] read of un-hooked port 3 (PC=5D00)
CYC=3904 5D03: movx  @dptr,a
[:maincpu] read of un-hooked port 3 (PC=5D03)
[:maincpu] read of un-hooked port 3 (PC=5D03)
CYC=3906 5D04: pop   dpl
[:maincpu] read of un-hooked port 3 (PC=5D04)
[:maincpu] read of un-hooked port 3 (PC=5D04)
CYC=3908 5D06: pop   dph
[:maincpu] read of un-hooked port 3 (PC=5D06)
[:maincpu] read of un-hooked port 3 (PC=5D06)
CYC=3910 5D08: sjmp  $5CE5
[:maincpu] read of un-hooked port 3 (PC=5D08)
[:maincpu] read of un-hooked port 3 (PC=5D08)
CYC=3912 5CE5: mov   p2,#$A0
[:maincpu] write of un-hooked port 2 a0
[:maincpu] read of un-hooked port 3 (PC=5CE5)
[:maincpu] read of un-hooked port 3 (PC=5CE5)
CYC=3914 5CE8: mov   r0,#$40
[:maincpu] read of un-hooked port 3 (PC=5CE8)
CYC=3915 5CEA: movx  a,@r0
[:maincpu] read of un-hooked port 3 (PC=5CEA)
[:maincpu] read of un-hooked port 3 (PC=5CEA)
CYC=3917 5CEB: xrl   a,#$1E
[:maincpu] read of un-hooked port 3 (PC=5CEB)
CYC=3918 5CED: mov   c,acc.0
[:maincpu] read of un-hooked port 3 (PC=5CED)
CYC=3919 5CEF: jnc   $5D0A
[:maincpu] read of un-hooked port 3 (PC=5CEF)
[:maincpu] read of un-hooked port 3 (PC=5CEF)
CYC=3921 5CF1: setb  wdt
[:maincpu] read of un-hooked port 3 (PC=5CF1)
CYC=3922 5CF3: setb  swdt
[:maincpu] read of un-hooked port 3 (PC=5CF3)
CYC=3923 5CF5: setb  p5.2
[:maincpu] read of un-hooked port 5 (PC=5CF5)
[:maincpu] write of un-hooked port 5 ff
[:maincpu] read of un-hooked port 3 (PC=5CF5)
CYC=3924 5CF7: mov   a,#$FF
[:maincpu] read of un-hooked port 3 (PC=5CF7)
CYC=3925 5CF9: push  dph
[:maincpu] read of un-hooked port 3 (PC=5CF9)
[:maincpu] read of un-hooked port 3 (PC=5CF9)
CYC=3927 5CFB: push  dpl
[:maincpu] read of un-hooked port 3 (PC=5CFB)
[:maincpu] read of un-hooked port 3 (PC=5CFB)
CYC=3929 5CFD: mov   dph,#$A0
[:maincpu] read of un-hooked port 3 (PC=5CFD)
[:maincpu] read of un-hooked port 3 (PC=5CFD)
CYC=3931 5D00: mov   dpl,#$40
[:maincpu] read of un-hooked port 3 (PC=5D00)
[:maincpu] read of un-hooked port 3 (PC=5D00)
CYC=3933 5D03: movx  @dptr,a
[:maincpu] read of un-hooked port 3 (PC=5D03)
[:maincpu] read of un-hooked port 3 (PC=5D03)
CYC=3935 5D04: pop   dpl
[:maincpu] read of un-hooked port 3 (PC=5D04)
[:maincpu] read of un-hooked port 3 (PC=5D04)
CYC=3937 5D06: pop   dph
[:maincpu] read of un-hooked port 3 (PC=5D06)
[:maincpu] read of un-hooked port 3 (PC=5D06)
CYC=3939 5D08: sjmp  $5CE5
[:maincpu] read of un-hooked port 3 (PC=5D08)
[:maincpu] read of un-hooked port 3 (PC=5D08)
CYC=3941 5CE5: mov   p2,#$A0
[:maincpu] write of un-hooked port 2 a0
[:maincpu] read of un-hooked port 3 (PC=5CE5)
[:maincpu] read of un-hooked port 3 (PC=5CE5)
CYC=3943 5CE8: mov   r0,#$40
[:maincpu] read of un-hooked port 3 (PC=5CE8)
CYC=3944 5CEA: movx  a,@r0
[:maincpu] read of un-hooked port 3 (PC=5CEA)
[:maincpu] read of un-hooked port 3 (PC=5CEA)
CYC=3946 5CEB: xrl   a,#$1E
[:maincpu] read of un-hooked port 3 (PC=5CEB)
CYC=3947 5CED: mov   c,acc.0
[:maincpu] read of un-hooked port 3 (PC=5CED)
CYC=3948 5CEF: jnc   $5D0A
[:maincpu] read of un-hooked port 3 (PC=5CEF)
[:maincpu] read of un-hooked port 3 (PC=5CEF)
CYC=3950 5CF1: setb  wdt
[:maincpu] read of un-hooked port 3 (PC=5CF1)
CYC=3951 5CF3: setb  swdt
[:maincpu] read of un-hooked port 3 (PC=5CF3)
CYC=3952 5CF5: setb  p5.2
[:maincpu] read of un-hooked port 5 (PC=5CF5)
[:maincpu] write of un-hooked port 5 ff
[:maincpu] read of un-hooked port 3 (PC=5CF5)
CYC=3953 5CF7: mov   a,#$FF
[:maincpu] read of un-hooked port 3 (PC=5CF7)
CYC=3954 5CF9: push  dph
[:maincpu] read of un-hooked port 3 (PC=5CF9)
[:maincpu] read of un-hooked port 3 (PC=5CF9)
CYC=3956 5CFB: push  dpl
[:maincpu] read of un-hooked port 3 (PC=5CFB)
[:maincpu] read of un-hooked port 3 (PC=5CFB)
CYC=3958 5CFD: mov   dph,#$A0
[:maincpu] read of un-hooked port 3 (PC=5CFD)
[:maincpu] read of un-hooked port 3 (PC=5CFD)
CYC=3960 5D00: mov   dpl,#$40
[:maincpu] read of un-hooked port 3 (PC=5D00)
[:maincpu] read of un-hooked port 3 (PC=5D00)
CYC=3962 5D03: movx  @dptr,a
[:maincpu] read of un-hooked port 3 (PC=5D03)
[:maincpu] read of un-hooked port 3 (PC=5D03)
CYC=3964 5D04: pop   dpl
[:maincpu] read of un-hooked port 3 (PC=5D04)
[:maincpu] read of un-hooked port 3 (PC=5D04)
CYC=3966 5D06: pop   dph
[:maincpu] read of un-hooked port 3 (PC=5D06)
[:maincpu] read of un-hooked port 3 (PC=5D06)
CYC=3968 5D08: sjmp  $5CE5
[:maincpu] read of un-hooked port 3 (PC=5D08)
[:maincpu] read of un-hooked port 3 (PC=5D08)
CYC=3970 5CE5: mov   p2,#$A0
[:maincpu] write of un-hooked port 2 a0
[:maincpu] read of un-hooked port 3 (PC=5CE5)
[:maincpu] read of un-hooked port 3 (PC=5CE5)
CYC=3972 5CE8: mov   r0,#$40
[:maincpu] read of un-hooked port 3 (PC=5CE8)
CYC=3973 5CEA: movx  a,@r0
[:maincpu] read of un-hooked port 3 (PC=5CEA)
[:maincpu] read of un-hooked port 3 (PC=5CEA)
CYC=3975 5CEB: xrl   a,#$1E
[:maincpu] read of un-hooked port 3 (PC=5CEB)
CYC=3976 5CED: mov   c,acc.0
[:maincpu] read of un-hooked port 3 (PC=5CED)
CYC=3977 5CEF: jnc   $5D0A
[:maincpu] read of un-hooked port 3 (PC=5CEF)
[:maincpu] read of un-hooked port 3 (PC=5CEF)
CYC=3979 5CF1: setb  wdt
[:maincpu] read of un-hooked port 3 (PC=5CF1)
CYC=3980 5CF3: setb  swdt
[:maincpu] read of un-hooked port 3 (PC=5CF3)
CYC=3981 5CF5: setb  p5.2
[:maincpu] read of un-hooked port 5 (PC=5CF5)
[:maincpu] write of un-hooked port 5 ff
[:maincpu] read of un-hooked port 3 (PC=5CF5)
CYC=3982 5CF7: mov   a,#$FF
[:maincpu] read of un-hooked port 3 (PC=5CF7)
CYC=3983 5CF9: push  dph
[:maincpu] read of un-hooked port 3 (PC=5CF9)
[:maincpu] read of un-hooked port 3 (PC=5CF9)
CYC=3985 5CFB: push  dpl
[:maincpu] read of un-hooked port 3 (PC=5CFB)
[:maincpu] read of un-hooked port 3 (PC=5CFB)
CYC=3987 5CFD: mov   dph,#$A0
[:maincpu] read of un-hooked port 3 (PC=5CFD)
[:maincpu] read of un-hooked port 3 (PC=5CFD)
CYC=3989 5D00: mov   dpl,#$40
[:maincpu] read of un-hooked port 3 (PC=5D00)
[:maincpu] read of un-hooked port 3 (PC=5D00)
CYC=3991 5D03: movx  @dptr,a
[:maincpu] read of un-hooked port 3 (PC=5D03)
[:maincpu] read of un-hooked port 3 (PC=5D03)
CYC=3993 5D04: pop   dpl
[:maincpu] read of un-hooked port 3 (PC=5D04)
[:maincpu] read of un-hooked port 3 (PC=5D04)
CYC=3995 5D06: pop   dph
[:maincpu] read of un-hooked port 3 (PC=5D06)
[:maincpu] read of un-hooked port 3 (PC=5D06)
CYC=3997 5D08: sjmp  $5CE5
[:maincpu] read of un-hooked port 3 (PC=5D08)
[:maincpu] read of un-hooked port 3 (PC=5D08)
CYC=3999 5CE5: mov   p2,#$A0
[:maincpu] write of un-hooked port 2 a0
[:maincpu] read of un-hooked port 3 (PC=5CE5)
[:maincpu] read of un-hooked port 3 (PC=5CE5)
